<?xml version="1.0" encoding="UTF-8" ?>
<XMLDB PATH="mod/assign/submission/pdf/db" VERSION="20121226" COMMENT="XMLDB file for Moodle mod/assign/submission/pdf"
    xmlns:xsi="http://www.w3.org/2001/XMLSchema-instance"
    xsi:noNamespaceSchemaLocation="../../../../../lib/xmldb/xmldb.xsd"
>
  <TABLES>
    <TABLE NAME="assignsubmission_pdf" COMMENT="Info about submitted assignments" NEXT="assignsubmission_pdf_tmpl">
      <FIELDS>
        <FIELD NAME="id" TYPE="int" LENGTH="10" NOTNULL="true" SEQUENCE="true" NEXT="assignment"/>
        <FIELD NAME="assignment" TYPE="int" LENGTH="10" NOTNULL="true" DEFAULT="0" SEQUENCE="false" PREVIOUS="id" NEXT="submission"/>
        <FIELD NAME="submission" TYPE="int" LENGTH="10" NOTNULL="true" DEFAULT="0" SEQUENCE="false" PREVIOUS="assignment" NEXT="numpages"/>
        <FIELD NAME="numpages" TYPE="int" LENGTH="10" NOTNULL="true" DEFAULT="0" SEQUENCE="false" COMMENT="The number of pages in the final, submitted document" PREVIOUS="submission" NEXT="status"/>
        <FIELD NAME="status" TYPE="int" LENGTH="4" NOTNULL="true" DEFAULT="0" SEQUENCE="false" COMMENT="Whether the assignment is unsubmitted (0), submitted (1) or responded to (2)" PREVIOUS="numpages" NEXT="templatedata"/>
        <FIELD NAME="templatedata" TYPE="text" NOTNULL="false" SEQUENCE="false" COMMENT="The student's entries for the template" PREVIOUS="status"/>
      </FIELDS>
      <KEYS>
        <KEY NAME="primary" TYPE="primary" FIELDS="id" NEXT="assignment"/>
        <KEY NAME="assignment" TYPE="foreign" FIELDS="assignment" REFTABLE="assign" REFFIELDS="id" PREVIOUS="primary" NEXT="submission"/>
        <KEY NAME="submission" TYPE="foreign" FIELDS="submission" REFTABLE="assign_submission" REFFIELDS="id" PREVIOUS="assignment"/>
      </KEYS>
    </TABLE>
    <TABLE NAME="assignsubmission_pdf_tmpl" COMMENT="Stores the data describing a coversheet template" PREVIOUS="assignsubmission_pdf" NEXT="assignsubmission_pdf_tmplit">
      <FIELDS>
        <FIELD NAME="id" TYPE="int" LENGTH="10" NOTNULL="true" SEQUENCE="true" NEXT="name"/>
        <FIELD NAME="name" TYPE="char" LENGTH="255" NOTNULL="false" SEQUENCE="false" COMMENT="Name that the template is known by" PREVIOUS="id" NEXT="courseid"/>
        <FIELD NAME="courseid" TYPE="int" LENGTH="10" NOTNULL="false" DEFAULT="0" SEQUENCE="false" COMMENT="Courseid that this template belongs to (0 for global)" PREVIOUS="name"/>
      </FIELDS>
      <KEYS>
        <KEY NAME="primary" TYPE="primary" FIELDS="id"/>
      </KEYS>
      <INDEXES>
        <INDEX NAME="courseid" UNIQUE="false" FIELDS="courseid"/>
      </INDEXES>
    </TABLE>
    <TABLE NAME="assignsubmission_pdf_tmplit" COMMENT="Default comment for the table, please edit me" PREVIOUS="assignsubmission_pdf_tmpl">
      <FIELDS>
        <FIELD NAME="id" TYPE="int" LENGTH="10" NOTNULL="true" SEQUENCE="true" NEXT="templateid"/>
        <FIELD NAME="templateid" TYPE="int" LENGTH="10" NOTNULL="true" DEFAULT="0" SEQUENCE="false" PREVIOUS="id" NEXT="type"/>
        <FIELD NAME="type" TYPE="char" LENGTH="15" NOTNULL="true" DEFAULT="shorttext" SEQUENCE="false" PREVIOUS="templateid" NEXT="xpos"/>
        <FIELD NAME="xpos" TYPE="int" LENGTH="10" NOTNULL="false" DEFAULT="0" SEQUENCE="false" PREVIOUS="type" NEXT="ypos"/>
        <FIELD NAME="ypos" TYPE="int" LENGTH="10" NOTNULL="false" DEFAULT="0" SEQUENCE="false" PREVIOUS="xpos" NEXT="width"/>
        <FIELD NAME="width" TYPE="int" LENGTH="10" NOTNULL="false" DEFAULT="120" SEQUENCE="false" PREVIOUS="ypos" NEXT="setting"/>
        <FIELD NAME="setting" TYPE="char" LENGTH="255" NOTNULL="false" SEQUENCE="false" PREVIOUS="width"/>
      </FIELDS>
      <KEYS>
        <KEY NAME="primary" TYPE="primary" FIELDS="id" NEXT="templateid"/>
        <KEY NAME="templateid" TYPE="foreign" FIELDS="templateid" REFTABLE="assignsubmission_pdf_tmpl" REFFIELDS="id" PREVIOUS="primary"/>
      </KEYS>
    </TABLE>
  </TABLES>
</XMLDB>