<?xml version="1.0" encoding="UTF-8" ?>
<XMLDB PATH="mod/socialwiki/db" VERSION="2015071503" COMMENT="XMLDB file for Moodle mod/socialwiki"
    xmlns:xsi="http://www.w3.org/2001/XMLSchema-instance"
    xsi:noNamespaceSchemaLocation="../../../lib/xmldb/xmldb.xsd"
>
  <TABLES>
    <TABLE NAME="socialwiki" COMMENT="Stores socialwiki activity configuration">
      <FIELDS>
        <FIELD NAME="id" TYPE="int" LENGTH="10" NOTNULL="true" SEQUENCE="true"/>
        <FIELD NAME="course" TYPE="int" LENGTH="10" NOTNULL="true" DEFAULT="0" SEQUENCE="false" COMMENT="Course wiki activity belongs to"/>
        <FIELD NAME="name" TYPE="char" LENGTH="255" NOTNULL="true" DEFAULT="Wiki" SEQUENCE="false" COMMENT="name field for moodle instances"/>
        <FIELD NAME="intro" TYPE="text" NOTNULL="false" SEQUENCE="false" COMMENT="General introduction of the wiki activity"/>
        <FIELD NAME="introformat" TYPE="int" LENGTH="4" NOTNULL="true" DEFAULT="0" SEQUENCE="false" COMMENT="Format of the intro field (MOODLE, HTML, MARKDOWN...)"/>
        <FIELD NAME="timecreated" TYPE="int" LENGTH="10" NOTNULL="true" DEFAULT="0" SEQUENCE="false"/>
        <FIELD NAME="timemodified" TYPE="int" LENGTH="10" NOTNULL="true" DEFAULT="0" SEQUENCE="false"/>
        <FIELD NAME="wikimode" TYPE="char" LENGTH="20" NOTNULL="true" DEFAULT="collaborative" SEQUENCE="false" COMMENT="Wiki mode (individual, collaborative)"/>
        <FIELD NAME="defaultformat" TYPE="char" LENGTH="20" NOTNULL="true" DEFAULT="creole" SEQUENCE="false" COMMENT="Wiki's default editor"/>
        <FIELD NAME="forceformat" TYPE="int" LENGTH="1" NOTNULL="true" DEFAULT="1" SEQUENCE="false" COMMENT="Forces the default editor"/>
        <FIELD NAME="editbegin" TYPE="int" LENGTH="10" NOTNULL="true" DEFAULT="0" SEQUENCE="false" COMMENT="editbegin"/>
        <FIELD NAME="editend" TYPE="int" LENGTH="10" NOTNULL="false" DEFAULT="0" SEQUENCE="false" COMMENT="editend"/>
        <FIELD NAME="style" TYPE="char" LENGTH="255" NOTNULL="false" DEFAULT="classic" SEQUENCE="false"/>
      </FIELDS>
      <KEYS>
        <KEY NAME="primary" TYPE="primary" FIELDS="id"/>
      </KEYS>
      <INDEXES>
        <INDEX NAME="course" UNIQUE="false" FIELDS="course"/>
      </INDEXES>
    </TABLE>
    <TABLE NAME="socialwiki_subwikis" COMMENT="Stores subwiki instances">
      <FIELDS>
        <FIELD NAME="id" TYPE="int" LENGTH="10" NOTNULL="true" SEQUENCE="true"/>
        <FIELD NAME="wikiid" TYPE="int" LENGTH="10" NOTNULL="true" DEFAULT="0" SEQUENCE="false" COMMENT="Wiki activity"/>
        <FIELD NAME="groupid" TYPE="int" LENGTH="10" NOTNULL="true" DEFAULT="0" SEQUENCE="false" COMMENT="Group that owns this wiki"/>
        <FIELD NAME="userid" TYPE="int" LENGTH="10" NOTNULL="true" DEFAULT="0" SEQUENCE="false" COMMENT="Owner of that subwiki"/>
      </FIELDS>
      <KEYS>
        <KEY NAME="primary" TYPE="primary" FIELDS="id"/>
        <KEY NAME="wikifk" TYPE="foreign" FIELDS="wikiid" REFTABLE="wiki" REFFIELDS="id" COMMENT="Foreign key to wiki table"/>
        <KEY NAME="wikiidgroupiduserid" TYPE="unique" FIELDS="wikiid, groupid, userid" COMMENT="Unique key"/>
      </KEYS>
    </TABLE>
    <TABLE NAME="socialwiki_pages" COMMENT="Stores wiki pages">
      <FIELDS>
        <FIELD NAME="id" TYPE="int" LENGTH="10" NOTNULL="true" SEQUENCE="true"/>
        <FIELD NAME="subwikiid" TYPE="int" LENGTH="10" NOTNULL="true" DEFAULT="0" SEQUENCE="false" COMMENT="Subwiki instance of this page"/>
        <FIELD NAME="title" TYPE="char" LENGTH="255" NOTNULL="true" DEFAULT="title" SEQUENCE="false" COMMENT="Page name"/>
        <FIELD NAME="content" TYPE="text" NOTNULL="true" SEQUENCE="false" COMMENT="Cache wiki content"/>
        <FIELD NAME="format" TYPE="char" LENGTH="20" NOTNULL="true" DEFAULT="creole" SEQUENCE="false" COMMENT="Markup used to write content"/>
        <FIELD NAME="timecreated" TYPE="int" LENGTH="10" NOTNULL="true" DEFAULT="0" SEQUENCE="false" COMMENT="Wiki page creation timestamp"/>
        <FIELD NAME="userid" TYPE="int" LENGTH="10" NOTNULL="true" DEFAULT="0" SEQUENCE="false" COMMENT="Edition author"/>
        <FIELD NAME="pageviews" TYPE="int" LENGTH="10" NOTNULL="true" DEFAULT="0" SEQUENCE="false" COMMENT="Number of page views"/>
        <FIELD NAME="parent" TYPE="int" LENGTH="10" NOTNULL="false" SEQUENCE="false" COMMENT="This page's parent's id"/>
      </FIELDS>
      <KEYS>
        <KEY NAME="primary" TYPE="primary" FIELDS="id"/>
        <KEY NAME="subwikifk" TYPE="foreign" FIELDS="subwikiid" REFTABLE="socialwiki_subwikis" REFFIELDS="id" COMMENT="Foreign key to subwiki table"/>
      </KEYS>
    </TABLE>
    <TABLE NAME="socialwiki_likes" COMMENT="Stores likes of socialwiki pages">
      <FIELDS>
        <FIELD NAME="id" TYPE="int" LENGTH="10" NOTNULL="true" SEQUENCE="true"/>
        <FIELD NAME="userid" TYPE="int" LENGTH="10" NOTNULL="true" DEFAULT="0" SEQUENCE="false" COMMENT="User ID"/>
        <FIELD NAME="pageid" TYPE="int" LENGTH="10" NOTNULL="true" DEFAULT="0" SEQUENCE="false" COMMENT="Page ID"/>
        <FIELD NAME="subwikiid" TYPE="int" LENGTH="10" NOTNULL="false" SEQUENCE="false"/>
      </FIELDS>
      <KEYS>
        <KEY NAME="primary" TYPE="primary" FIELDS="id"/>
      </KEYS>
    </TABLE>
    <TABLE NAME="socialwiki_follows" COMMENT="Stores people's followers in socialwiki">
      <FIELDS>
        <FIELD NAME="id" TYPE="int" LENGTH="10" NOTNULL="true" SEQUENCE="true"/>
        <FIELD NAME="userfromid" TYPE="int" LENGTH="10" NOTNULL="true" DEFAULT="0" SEQUENCE="false" COMMENT="User ID"/>
        <FIELD NAME="usertoid" TYPE="int" LENGTH="10" NOTNULL="true" DEFAULT="0" SEQUENCE="false" COMMENT="Page ID"/>
        <FIELD NAME="subwikiid" TYPE="int" LENGTH="10" NOTNULL="false" SEQUENCE="false"/>
      </FIELDS>
      <KEYS>
        <KEY NAME="primary" TYPE="primary" FIELDS="id"/>
      </KEYS>
    </TABLE>
    <TABLE NAME="socialwiki_user_views" COMMENT="Social wiki user views">
      <FIELDS>
        <FIELD NAME="id" TYPE="int" LENGTH="10" NOTNULL="true" SEQUENCE="true"/>
        <FIELD NAME="userid" TYPE="int" LENGTH="10" NOTNULL="true" SEQUENCE="false"/>
        <FIELD NAME="pageid" TYPE="int" LENGTH="10" NOTNULL="true" SEQUENCE="false"/>
        <FIELD NAME="viewcount" TYPE="int" LENGTH="10" NOTNULL="true" DEFAULT="0" SEQUENCE="false"/>
        <FIELD NAME="latestview" TYPE="int" LENGTH="10" NOTNULL="true" DEFAULT="0" SEQUENCE="false"/>
      </FIELDS>
      <KEYS>
        <KEY NAME="primary" TYPE="primary" FIELDS="id"/>
        <KEY NAME="userkey" TYPE="foreign" FIELDS="userid" REFTABLE="user" REFFIELDS="id"/>
        <KEY NAME="pagekey" TYPE="foreign" FIELDS="pageid" REFTABLE="socialwiki_pages" REFFIELDS="id"/>
      </KEYS>
    </TABLE>
  </TABLES>
</XMLDB>