<?xml version="1.0" encoding="UTF-8" ?>
<XMLDB PATH="blocks/helpdesk/db" VERSION="20140514" COMMENT="XMLDB file for Moodle blocks/helpdesk"
    xmlns:xsi="http://www.w3.org/2001/XMLSchema-instance"
    xsi:noNamespaceSchemaLocation="../../../lib/xmldb/xmldb.xsd"
>
  <TABLES>
    <TABLE NAME="block_helpdesk_ticket" COMMENT="This is the ticket table for the Help Desk block.">
      <FIELDS>
        <FIELD NAME="id" TYPE="int" LENGTH="10" NOTNULL="true" SEQUENCE="true"/>
        <FIELD NAME="summary" TYPE="text" NOTNULL="true" SEQUENCE="false" COMMENT="Summary of a submitted ticket."/>
        <FIELD NAME="detail" TYPE="text" NOTNULL="true" SEQUENCE="false" COMMENT="Detailed description of a ticket."/>
        <FIELD NAME="detailformat" TYPE="int" LENGTH="2" NOTNULL="true" DEFAULT="1" SEQUENCE="false"/>
        <FIELD NAME="timecreated" TYPE="int" LENGTH="20" NOTNULL="true" SEQUENCE="false" COMMENT="Time Created, self explanatory."/>
        <FIELD NAME="timemodified" TYPE="int" LENGTH="20" NOTNULL="true" SEQUENCE="false"/>
        <FIELD NAME="hd_userid" TYPE="int" LENGTH="20" NOTNULL="true" SEQUENCE="false"/>
        <FIELD NAME="assigned_refs" TYPE="int" LENGTH="2" NOTNULL="true" SEQUENCE="false" COMMENT="Keep track of the number of assignment references to this ticket."/>
        <FIELD NAME="firstcontact" TYPE="int" LENGTH="20" NOTNULL="false" SEQUENCE="false" COMMENT="First person who touches the ticket other than the submitter."/>
        <FIELD NAME="groupid" TYPE="int" LENGTH="20" NOTNULL="false" SEQUENCE="false" COMMENT="Group this ticket belongs to."/>
        <FIELD NAME="status" TYPE="int" LENGTH="20" NOTNULL="true" SEQUENCE="false"/>
        <FIELD NAME="createdby" TYPE="int" LENGTH="20" NOTNULL="true" SEQUENCE="false"/>
      </FIELDS>
      <KEYS>
        <KEY NAME="primary" TYPE="primary" FIELDS="id"/>
      </KEYS>
      <INDEXES>
        <INDEX NAME="block_helpdesk_ticket_h_ix" UNIQUE="false" FIELDS="hd_userid"/>
        <INDEX NAME="block_helpdesk_ticket_f_ix" UNIQUE="false" FIELDS="firstcontact"/>
        <INDEX NAME="block_helpdesk_ticket_st_ix" UNIQUE="false" FIELDS="status"/>
      </INDEXES>
    </TABLE>
    <TABLE NAME="block_helpdesk_ticket_tag" COMMENT="A table that holds individual custom tags per ticket.">
      <FIELDS>
        <FIELD NAME="id" TYPE="int" LENGTH="10" NOTNULL="true" SEQUENCE="true"/>
        <FIELD NAME="name" TYPE="char" LENGTH="128" NOTNULL="true" SEQUENCE="false" COMMENT="Name of the tag."/>
        <FIELD NAME="value" TYPE="text" NOTNULL="true" SEQUENCE="false" COMMENT="Value of the tag."/>
        <FIELD NAME="valueformat" TYPE="int" LENGTH="2" NOTNULL="true" DEFAULT="1" SEQUENCE="false"/>
        <FIELD NAME="ticketid" TYPE="int" LENGTH="20" NOTNULL="true" SEQUENCE="false" COMMENT="Id of the ticket that this particular tag belongs to."/>
      </FIELDS>
      <KEYS>
        <KEY NAME="primary" TYPE="primary" FIELDS="id"/>
      </KEYS>
      <INDEXES>
        <INDEX NAME="block_helpdesk_ticket_tag_t_ix" UNIQUE="false" FIELDS="ticketid"/>
      </INDEXES>
    </TABLE>
    <TABLE NAME="block_helpdesk_ticket_update" COMMENT="Every time a ticket is updated with a new status, it gets put here. This table will contain the full history of each ticket.">
      <FIELDS>
        <FIELD NAME="id" TYPE="int" LENGTH="10" NOTNULL="true" SEQUENCE="true"/>
        <FIELD NAME="ticketid" TYPE="int" LENGTH="20" NOTNULL="true" SEQUENCE="false" COMMENT="The ticket ID of the ticket that this update belongs to."/>
        <FIELD NAME="notes" TYPE="text" NOTNULL="true" SEQUENCE="false" COMMENT="Comment that the updater leaves for the user."/>
        <FIELD NAME="notesformat" TYPE="int" LENGTH="2" NOTNULL="true" DEFAULT="1" SEQUENCE="false"/>
        <FIELD NAME="hd_userid" TYPE="int" LENGTH="20" NOTNULL="true" SEQUENCE="false"/>
        <FIELD NAME="status" TYPE="char" LENGTH="128" NOTNULL="true" SEQUENCE="false" COMMENT="The state of the ticket."/>
        <FIELD NAME="newticketstatus" TYPE="int" LENGTH="20" NOTNULL="false" SEQUENCE="false" COMMENT="if the ticket's status changes we may want to record what is was changed to here."/>
        <FIELD NAME="type" TYPE="text" NOTNULL="true" SEQUENCE="false" COMMENT="type of update, not all are the same."/>
        <FIELD NAME="hidden" TYPE="int" LENGTH="1" NOTNULL="false" DEFAULT="0" SEQUENCE="false"/>
        <FIELD NAME="timecreated" TYPE="int" LENGTH="20" NOTNULL="true" SEQUENCE="false" COMMENT="Time this ticket update was created."/>
        <FIELD NAME="timemodified" TYPE="int" LENGTH="20" NOTNULL="false" SEQUENCE="false" COMMENT="Time that this particular update was modified."/>
      </FIELDS>
      <KEYS>
        <KEY NAME="primary" TYPE="primary" FIELDS="id"/>
      </KEYS>
      <INDEXES>
        <INDEX NAME="block_helpdesk_ticket_update_t_ix" UNIQUE="false" FIELDS="ticketid"/>
      </INDEXES>
    </TABLE>
    <TABLE NAME="block_helpdesk_ticket_assign" COMMENT="Assignment relations to relate a user with id to be related to a ticket with id.">
      <FIELDS>
        <FIELD NAME="id" TYPE="int" LENGTH="20" NOTNULL="true" SEQUENCE="true"/>
        <FIELD NAME="userid" TYPE="int" LENGTH="20" NOTNULL="true" SEQUENCE="false" COMMENT="ID of the user being assigned to a ticket."/>
        <FIELD NAME="ticketid" TYPE="int" LENGTH="20" NOTNULL="true" SEQUENCE="false" COMMENT="ID of the ticket that a user is being assigned."/>
        <FIELD NAME="iswatcher" TYPE="int" LENGTH="1" NOTNULL="false" SEQUENCE="false" COMMENT="A watcher is a lesser assignment."/>
      </FIELDS>
      <KEYS>
        <KEY NAME="primary" TYPE="primary" FIELDS="id"/>
      </KEYS>
      <INDEXES>
        <INDEX NAME="block_helpdesk_ticket_assign_t_ix" UNIQUE="false" FIELDS="ticketid"/>
        <INDEX NAME="block_helpdesk_ticket_assign_u_ix" UNIQUE="false" FIELDS="userid"/>
      </INDEXES>
    </TABLE>
    <TABLE NAME="block_helpdesk_status" COMMENT="Ticket status table, where core and additional statuses are defined.">
      <FIELDS>
        <FIELD NAME="id" TYPE="int" LENGTH="10" NOTNULL="true" SEQUENCE="true"/>
        <FIELD NAME="name" TYPE="char" LENGTH="255" NOTNULL="true" SEQUENCE="false" COMMENT="Name of the status."/>
        <FIELD NAME="displayname" TYPE="char" LENGTH="255" NOTNULL="false" SEQUENCE="false" COMMENT="Name that will be displayed (overrides core get_string() calls.)"/>
        <FIELD NAME="core" TYPE="int" LENGTH="1" NOTNULL="false" SEQUENCE="false" COMMENT="If this is a core status. Only the help desk should create these, do not add more."/>
        <FIELD NAME="whohasball" TYPE="int" LENGTH="20" NOTNULL="false" SEQUENCE="false" COMMENT="These should be defined in the code such as SUBMITTER, ASSIGNED, and FIRSTCONTACT."/>
        <FIELD NAME="ticketdefault" TYPE="int" LENGTH="1" NOTNULL="false" SEQUENCE="false" COMMENT="Is this the default status for new tickets?"/>
        <FIELD NAME="active" TYPE="int" LENGTH="1" NOTNULL="true" SEQUENCE="false" COMMENT="Is this status active? (closed and resolved are examples of inactive questions.)"/>
      </FIELDS>
      <KEYS>
        <KEY NAME="primary" TYPE="primary" FIELDS="id"/>
      </KEYS>
    </TABLE>
    <TABLE NAME="block_helpdesk_status_path" COMMENT="What statuses can change to and who can change them.">
      <FIELDS>
        <FIELD NAME="id" TYPE="int" LENGTH="10" NOTNULL="true" SEQUENCE="true"/>
        <FIELD NAME="fromstatusid" TYPE="int" LENGTH="20" NOTNULL="true" SEQUENCE="false" COMMENT="What status are we coming from?"/>
        <FIELD NAME="tostatusid" TYPE="int" LENGTH="20" NOTNULL="true" SEQUENCE="false" COMMENT="which status can we change to?"/>
        <FIELD NAME="capabilityname" TYPE="char" LENGTH="255" NOTNULL="true" SEQUENCE="false" COMMENT="different paths map to different capabilities. we are forced to use names since capabilities are not setup at the time this table is populated."/>
      </FIELDS>
      <KEYS>
        <KEY NAME="primary" TYPE="primary" FIELDS="id"/>
      </KEYS>
    </TABLE>
    <TABLE NAME="block_helpdesk_hd_user" COMMENT="Helpdesk user.">
      <FIELDS>
        <FIELD NAME="id" TYPE="int" LENGTH="10" NOTNULL="true" SEQUENCE="true"/>
        <FIELD NAME="userid" TYPE="int" LENGTH="20" NOTNULL="false" SEQUENCE="false"/>
        <FIELD NAME="email" TYPE="char" LENGTH="100" NOTNULL="false" SEQUENCE="false"/>
        <FIELD NAME="phone" TYPE="char" LENGTH="20" NOTNULL="false" SEQUENCE="false"/>
        <FIELD NAME="name" TYPE="char" LENGTH="100" NOTNULL="false" SEQUENCE="false"/>
        <FIELD NAME="type" TYPE="char" LENGTH="255" NOTNULL="false" SEQUENCE="false"/>
      </FIELDS>
      <KEYS>
        <KEY NAME="primary" TYPE="primary" FIELDS="id"/>
      </KEYS>
      <INDEXES>
        <INDEX NAME="block_helpdesk_hd_user_u_ix" UNIQUE="false" FIELDS="userid"/>
        <INDEX NAME="block_helpdesk_hd_user_e_ix" UNIQUE="false" FIELDS="email"/>
      </INDEXES>
    </TABLE>
    <TABLE NAME="block_helpdesk_watcher" COMMENT="Default comment for the table, please edit me">
      <FIELDS>
        <FIELD NAME="id" TYPE="int" LENGTH="10" NOTNULL="true" SEQUENCE="true"/>
        <FIELD NAME="ticketid" TYPE="int" LENGTH="20" NOTNULL="true" SEQUENCE="false"/>
        <FIELD NAME="hd_userid" TYPE="int" LENGTH="20" NOTNULL="true" SEQUENCE="false"/>
        <FIELD NAME="token" TYPE="char" LENGTH="255" NOTNULL="false" SEQUENCE="false"/>
        <FIELD NAME="token_last_issued" TYPE="int" LENGTH="20" NOTNULL="false" SEQUENCE="false"/>
      </FIELDS>
      <KEYS>
        <KEY NAME="primary" TYPE="primary" FIELDS="id"/>
      </KEYS>
      <INDEXES>
        <INDEX NAME="block_helpdesk_watcher_t_ix" UNIQUE="false" FIELDS="ticketid"/>
        <INDEX NAME="block_helpdesk_watcher_h_ix" UNIQUE="false" FIELDS="hd_userid"/>
        <INDEX NAME="block_helpdesk_watcher_th_ux" UNIQUE="true" FIELDS="ticketid, hd_userid"/>
      </INDEXES>
    </TABLE>
  </TABLES>
</XMLDB>