<?xml version="1.0" encoding="UTF-8" ?>
<XMLDB PATH="mod/assign/submission/pdf/db" VERSION="20120317" COMMENT="XMLDB file for Moodle mod/assign/submission/pdf"
    xmlns:xsi="http://www.w3.org/2001/XMLSchema-instance"
    xsi:noNamespaceSchemaLocation="../../../../../lib/xmldb/xmldb.xsd"
>
  <TABLES>
    <TABLE NAME="assignfeedback_pdf_cmnt" COMMENT="stores comments added to pdfs" NEXT="assignfeedback_pdf_annot">
      <FIELDS>
        <FIELD NAME="id" TYPE="int" LENGTH="10" NOTNULL="true" UNSIGNED="true" SEQUENCE="true" NEXT="submissionid"/>
        <FIELD NAME="submissionid" TYPE="int" LENGTH="10" NOTNULL="true" UNSIGNED="true" DEFAULT="0" SEQUENCE="false" PREVIOUS="id" NEXT="posx"/>
        <FIELD NAME="posx" TYPE="int" LENGTH="10" NOTNULL="false" UNSIGNED="false" DEFAULT="0" SEQUENCE="false" COMMENT="x-position of the top-left corner of the comment (in pixels - image resolution is set to 100 pixels per inch)" PREVIOUS="submissionid" NEXT="posy"/>
        <FIELD NAME="posy" TYPE="int" LENGTH="10" NOTNULL="false" UNSIGNED="false" DEFAULT="0" SEQUENCE="false" COMMENT="y-position of the top-left corner of the comment (in pixels - image resolution is set to 100 pixels per inch)" PREVIOUS="posx" NEXT="width"/>
        <FIELD NAME="width" TYPE="int" LENGTH="10" NOTNULL="false" UNSIGNED="false" DEFAULT="120" SEQUENCE="false" COMMENT="width, in pixels, of the comment box" PREVIOUS="posy" NEXT="rawtext"/>
        <FIELD NAME="rawtext" TYPE="text" LENGTH="medium" NOTNULL="false" SEQUENCE="false" COMMENT="Raw text of the comment" PREVIOUS="width" NEXT="pageno"/>
        <FIELD NAME="pageno" TYPE="int" LENGTH="10" NOTNULL="true" UNSIGNED="false" DEFAULT="0" SEQUENCE="false" COMMENT="The page in the PDF that this comment appears on" PREVIOUS="rawtext" NEXT="colour"/>
        <FIELD NAME="colour" TYPE="char" LENGTH="10" NOTNULL="false" DEFAULT="yellow" SEQUENCE="false" COMMENT="Can be red, yellow, green, blue, white, clear" PREVIOUS="pageno"/>
      </FIELDS>
      <KEYS>
        <KEY NAME="primary" TYPE="primary" FIELDS="id" NEXT="submissionid"/>
        <KEY NAME="submissionid" TYPE="foreign" FIELDS="submissionid" REFTABLE="assign_submission" REFFIELDS="id" PREVIOUS="primary"/>
      </KEYS>
      <INDEXES>
        <INDEX NAME="submissionid_pageno" UNIQUE="false" FIELDS="submissionid, pageno"/>
      </INDEXES>
    </TABLE>
    <TABLE NAME="assignfeedback_pdf_annot" COMMENT="stores annotations added to pdfs submitted by students" PREVIOUS="assignfeedback_pdf_cmnt" NEXT="assignfeedback_pdf_qcklst">
      <FIELDS>
        <FIELD NAME="id" TYPE="int" LENGTH="10" NOTNULL="true" UNSIGNED="true" SEQUENCE="true" NEXT="submissionid"/>
        <FIELD NAME="submissionid" TYPE="int" LENGTH="10" NOTNULL="true" UNSIGNED="true" DEFAULT="0" SEQUENCE="false" PREVIOUS="id" NEXT="pageno"/>
        <FIELD NAME="pageno" TYPE="int" LENGTH="10" NOTNULL="true" UNSIGNED="false" DEFAULT="0" SEQUENCE="false" COMMENT="The page in the PDF that this annotation appears on" PREVIOUS="submissionid" NEXT="startx"/>
        <FIELD NAME="startx" TYPE="int" LENGTH="10" NOTNULL="false" UNSIGNED="false" DEFAULT="0" SEQUENCE="false" COMMENT="x-position of the start of the annotation (in pixels - image resolution is set to 100 pixels per inch)" PREVIOUS="pageno" NEXT="starty"/>
        <FIELD NAME="starty" TYPE="int" LENGTH="10" NOTNULL="false" UNSIGNED="false" DEFAULT="0" SEQUENCE="false" COMMENT="y-position of the start of the annotation (in pixels - image resolution is set to 100 pixels per inch)" PREVIOUS="startx" NEXT="endx"/>
        <FIELD NAME="endx" TYPE="int" LENGTH="10" NOTNULL="false" UNSIGNED="false" DEFAULT="0" SEQUENCE="false" COMMENT="x-position of the end of the annotation" PREVIOUS="starty" NEXT="endy"/>
        <FIELD NAME="endy" TYPE="int" LENGTH="10" NOTNULL="false" UNSIGNED="false" DEFAULT="0" SEQUENCE="false" COMMENT="y-position of the end of the annotation" PREVIOUS="endx" NEXT="path"/>
        <FIELD NAME="path" TYPE="text" LENGTH="medium" NOTNULL="false" SEQUENCE="false" COMMENT="SVG path describing the freehand line" PREVIOUS="endy" NEXT="colour"/>
        <FIELD NAME="colour" TYPE="char" LENGTH="10" NOTNULL="false" DEFAULT="red" SEQUENCE="false" COMMENT="Can be red, yellow, green, blue, white, black" PREVIOUS="path" NEXT="type"/>
        <FIELD NAME="type" TYPE="char" LENGTH="10" NOTNULL="false" DEFAULT="line" SEQUENCE="false" COMMENT="line, oval, rect, etc." PREVIOUS="colour"/>
      </FIELDS>
      <KEYS>
        <KEY NAME="primary" TYPE="primary" FIELDS="id" NEXT="submissionid"/>
        <KEY NAME="submissionid" TYPE="foreign" FIELDS="submissionid" REFTABLE="assign_submission" REFFIELDS="id" PREVIOUS="primary"/>
      </KEYS>
      <INDEXES>
        <INDEX NAME="submissionid_pageno" UNIQUE="false" FIELDS="submissionid, pageno"/>
      </INDEXES>
    </TABLE>
    <TABLE NAME="assignfeedback_pdf_qcklst" COMMENT="Stores teacher specified quicklist comments" PREVIOUS="assignfeedback_pdf_annot">
      <FIELDS>
        <FIELD NAME="id" TYPE="int" LENGTH="10" NOTNULL="true" UNSIGNED="true" SEQUENCE="true" NEXT="userid"/>
        <FIELD NAME="userid" TYPE="int" LENGTH="10" NOTNULL="true" UNSIGNED="true" DEFAULT="0" SEQUENCE="false" PREVIOUS="id" NEXT="text"/>
        <FIELD NAME="text" TYPE="text" LENGTH="medium" NOTNULL="false" SEQUENCE="false" PREVIOUS="userid" NEXT="width"/>
        <FIELD NAME="width" TYPE="int" LENGTH="10" NOTNULL="true" UNSIGNED="true" DEFAULT="120" SEQUENCE="false" PREVIOUS="text" NEXT="colour"/>
        <FIELD NAME="colour" TYPE="char" LENGTH="10" NOTNULL="false" DEFAULT="yellow" SEQUENCE="false" PREVIOUS="width"/>
      </FIELDS>
      <KEYS>
        <KEY NAME="primary" TYPE="primary" FIELDS="id" NEXT="userid"/>
        <KEY NAME="userid" TYPE="foreign" FIELDS="userid" REFTABLE="user" REFFIELDS="id" PREVIOUS="primary"/>
      </KEYS>
    </TABLE>
  </TABLES>
</XMLDB>