<?xml version="1.0" encoding="UTF-8" ?>
<XMLDB PATH="local/wikiexport/db" VERSION="20141020" COMMENT="XMLDB file for Moodle local/wikiexport"
    xmlns:xsi="http://www.w3.org/2001/XMLSchema-instance"
    xsi:noNamespaceSchemaLocation="../../../lib/xmldb/xmldb.xsd"
>
  <TABLES>
    <TABLE NAME="local_wikiexport_order" COMMENT="Look after the ordering information used when exporting wiki pages">
      <FIELDS>
        <FIELD NAME="id" TYPE="int" LENGTH="10" NOTNULL="true" SEQUENCE="true"/>
        <FIELD NAME="cmid" TYPE="int" LENGTH="10" NOTNULL="true" SEQUENCE="false" COMMENT="Used when cleaning up data for deleted wikis"/>
        <FIELD NAME="courseid" TYPE="int" LENGTH="10" NOTNULL="true" SEQUENCE="false" COMMENT="Used when cleaning up data for deleted courses"/>
        <FIELD NAME="pageid" TYPE="int" LENGTH="10" NOTNULL="true" SEQUENCE="false" COMMENT="The wiki page this is the sort order for"/>
        <FIELD NAME="sortorder" TYPE="int" LENGTH="10" NOTNULL="false" SEQUENCE="false"/>
      </FIELDS>
      <KEYS>
        <KEY NAME="primary" TYPE="primary" FIELDS="id"/>
        <KEY NAME="cmid" TYPE="foreign" FIELDS="cmid" REFTABLE="course_modules" REFFIELDS="id"/>
        <KEY NAME="courseid" TYPE="foreign" FIELDS="courseid" REFTABLE="course" REFFIELDS="id"/>
        <KEY NAME="pageid" TYPE="foreign-unique" FIELDS="pageid" REFTABLE="wiki_pages" REFFIELDS="id"/>
      </KEYS>
    </TABLE>
  </TABLES>
</XMLDB>