<?xml version="1.0" encoding="UTF-8" ?>
<XMLDB PATH="plagiarism/compilatio/db" VERSION="20150710" COMMENT="XMLDB file for Moodle plagiarism/compilatio plugin"
       xmlns:xsi="http://www.w3.org/2001/XMLSchema-instance"
       xsi:noNamespaceSchemaLocation="../../../lib/xmldb/xmldb.xsd"
>
    <TABLES>
        <TABLE NAME="plagiarism_compilatio_files" COMMENT="info about submitted files">
            <FIELDS>
                <FIELD NAME="id" TYPE="int" LENGTH="10" NOTNULL="true" SEQUENCE="true"/>
                <FIELD NAME="cm" TYPE="int" LENGTH="10" NOTNULL="true" DEFAULT="0" SEQUENCE="false"/>
                <FIELD NAME="userid" TYPE="int" LENGTH="10" NOTNULL="true" DEFAULT="0" SEQUENCE="false"/>
                <FIELD NAME="identifier" TYPE="char" LENGTH="255" NOTNULL="true" SEQUENCE="false"/>
                <FIELD NAME="filename" TYPE="char" LENGTH="255" NOTNULL="true" SEQUENCE="false"/>
                <FIELD NAME="externalid" TYPE="char" LENGTH="255" NOTNULL="false" SEQUENCE="false"/>
                <FIELD NAME="reporturl" TYPE="char" LENGTH="255" NOTNULL="false" SEQUENCE="false" COMMENT="url to full report"/>
                <FIELD NAME="statuscode" TYPE="char" LENGTH="10" NOTNULL="false" SEQUENCE="false"/>
                <FIELD NAME="similarityscore" TYPE="int" LENGTH="5" NOTNULL="true" DEFAULT="0" SEQUENCE="false"/>
                <FIELD NAME="attempt" TYPE="int" LENGTH="5" NOTNULL="true" DEFAULT="0" SEQUENCE="false"/>
                <FIELD NAME="errorresponse" TYPE="text" NOTNULL="false" SEQUENCE="false"/>
                <FIELD NAME="timesubmitted" TYPE="int" LENGTH="10" NOTNULL="true" DEFAULT="0" SEQUENCE="false"/>
            </FIELDS>
            <KEYS>
                <KEY NAME="primary" TYPE="primary" FIELDS="id"/>
                <KEY NAME="cm" TYPE="foreign" FIELDS="cm" REFTABLE="course_modules" REFFIELDS="id"/>
                <KEY NAME="userid" TYPE="foreign" FIELDS="userid" REFTABLE="user" REFFIELDS="id"/>
            </KEYS>
        </TABLE>
        <TABLE NAME="plagiarism_compilatio_config" COMMENT="config for modules">
            <FIELDS>
                <FIELD NAME="id" TYPE="int" LENGTH="10" NOTNULL="true" SEQUENCE="true"/>
                <FIELD NAME="cm" TYPE="int" LENGTH="10" NOTNULL="true" DEFAULT="0" SEQUENCE="false"/>
                <FIELD NAME="name" TYPE="char" LENGTH="255" NOTNULL="true" SEQUENCE="false"/>
                <FIELD NAME="value" TYPE="char" LENGTH="255" NOTNULL="true" SEQUENCE="false"/>
            </FIELDS>
            <KEYS>
                <KEY NAME="primary" TYPE="primary" FIELDS="id"/>
                <KEY NAME="cm" TYPE="foreign" FIELDS="cm" REFTABLE="course_modules" REFFIELDS="id"/>
            </KEYS>
        </TABLE>
        <TABLE NAME="plagiarism_compilatio_data" COMMENT="data for Compilatio plugin">
            <FIELDS>
                <FIELD NAME="id" TYPE="int" LENGTH="10" NOTNULL="true" SEQUENCE="true"/>
                <FIELD NAME="name" TYPE="char" LENGTH="255" NOTNULL="true" SEQUENCE="false"/>
                <FIELD NAME="value" TYPE="char" LENGTH="255" NOTNULL="true" SEQUENCE="false"/>
            </FIELDS>
            <KEYS>
                <KEY NAME="primary" TYPE="primary" FIELDS="id"/>
                <KEY NAME="name-unique" TYPE="unique" FIELDS="name"/>
            </KEYS>
        </TABLE>
        <TABLE NAME="plagiarism_compilatio_news" COMMENT="Used to store news such as updates or maintenances from Compilatio">
            <FIELDS>
                <FIELD NAME="id" TYPE="int" LENGTH="10" NOTNULL="true" SEQUENCE="true"/>
                <FIELD NAME="type" TYPE="int" LENGTH="1" NOTNULL="true" SEQUENCE="false"/>
                <FIELD NAME="id_compilatio" TYPE="int" LENGTH="10" NOTNULL="true" SEQUENCE="false"/>
                <FIELD NAME="message_fr" TYPE="text" NOTNULL="false" SEQUENCE="false"/>
                <FIELD NAME="message_en" TYPE="text" NOTNULL="false" SEQUENCE="false"/>
                <FIELD NAME="begin_display_on" TYPE="int" LENGTH="10" NOTNULL="true" SEQUENCE="false" COMMENT="UNIX Timestamp"/>
                <FIELD NAME="end_display_on" TYPE="int" LENGTH="10" NOTNULL="true" SEQUENCE="false" COMMENT="UNIX Timestamp"/>
            </FIELDS>
            <KEYS>
                <KEY NAME="primary" TYPE="primary" FIELDS="id"/>
                <KEY NAME="unique_id_compilatio" TYPE="unique" FIELDS="id_compilatio"/>
            </KEYS>
        </TABLE>
    </TABLES>
</XMLDB>