<?xml version="1.0" encoding="UTF-8" ?>
<XMLDB PATH="mod/engagement/db" VERSION="20120314" COMMENT="XMLDB file for Moodle mod/engagement"
    xmlns:xsi="http://www.w3.org/2001/XMLSchema-instance"
    xsi:noNamespaceSchemaLocation="../../../lib/xmldb/xmldb.xsd"
>
  <TABLES>
    <TABLE NAME="engagement" COMMENT="Dummy table for engagement" NEXT="engagement_cache">
      <FIELDS>
        <FIELD NAME="id" TYPE="int" LENGTH="10" NOTNULL="true" UNSIGNED="true" SEQUENCE="true" NEXT="course"/>
        <FIELD NAME="course" TYPE="int" LENGTH="10" NOTNULL="true" UNSIGNED="true" DEFAULT="0" SEQUENCE="false" PREVIOUS="id" NEXT="name"/>
        <FIELD NAME="name" TYPE="char" LENGTH="255" NOTNULL="true" SEQUENCE="false" PREVIOUS="course" NEXT="intro"/>
        <FIELD NAME="intro" TYPE="text" LENGTH="small" NOTNULL="true" SEQUENCE="false" PREVIOUS="name" NEXT="introformat"/>
        <FIELD NAME="introformat" TYPE="int" LENGTH="4" NOTNULL="false" UNSIGNED="true" DEFAULT="0" SEQUENCE="false" PREVIOUS="intro" NEXT="timemodified"/>
        <FIELD NAME="timemodified" TYPE="int" LENGTH="10" NOTNULL="true" UNSIGNED="true" DEFAULT="0" SEQUENCE="false" PREVIOUS="introformat"/>
      </FIELDS>
      <KEYS>
        <KEY NAME="primary" TYPE="primary" FIELDS="id"/>
      </KEYS>
      <INDEXES>
        <INDEX NAME="course" UNIQUE="false" FIELDS="course"/>
      </INDEXES>
    </TABLE>
    <TABLE NAME="engagement_cache" COMMENT="Cache of engagement results" PREVIOUS="engagement" NEXT="engagement_indicator">
      <FIELDS>
        <FIELD NAME="id" TYPE="int" LENGTH="10" NOTNULL="true" UNSIGNED="true" SEQUENCE="true" NEXT="indicator"/>
        <FIELD NAME="indicator" TYPE="char" LENGTH="255" NOTNULL="true" SEQUENCE="false" PREVIOUS="id" NEXT="courseid"/>
        <FIELD NAME="courseid" TYPE="int" LENGTH="10" NOTNULL="true" UNSIGNED="true" DEFAULT="0" SEQUENCE="false" PREVIOUS="indicator" NEXT="timestart"/>
        <FIELD NAME="timestart" TYPE="int" LENGTH="10" NOTNULL="true" UNSIGNED="true" DEFAULT="0" SEQUENCE="false" PREVIOUS="courseid" NEXT="timeend"/>
        <FIELD NAME="timeend" TYPE="int" LENGTH="10" NOTNULL="true" UNSIGNED="true" DEFAULT="0" SEQUENCE="false" PREVIOUS="timestart" NEXT="timemodified"/>
        <FIELD NAME="timemodified" TYPE="int" LENGTH="10" NOTNULL="true" UNSIGNED="true" DEFAULT="0" SEQUENCE="false" PREVIOUS="timeend" NEXT="rawdata"/>
        <FIELD NAME="rawdata" TYPE="text" LENGTH="big" NOTNULL="true" SEQUENCE="false" PREVIOUS="timemodified"/>
      </FIELDS>
      <KEYS>
        <KEY NAME="primary" TYPE="primary" FIELDS="id"/>
      </KEYS>
      <INDEXES>
        <INDEX NAME="courseid-indicator" UNIQUE="false" FIELDS="courseid, indicator" NEXT="indicator"/>
        <INDEX NAME="indicator" UNIQUE="false" FIELDS="indicator" PREVIOUS="courseid-indicator"/>
      </INDEXES>
    </TABLE>
    <TABLE NAME="engagement_indicator" COMMENT="Dummy table for engagement" PREVIOUS="engagement_cache">
      <FIELDS>
        <FIELD NAME="id" TYPE="int" LENGTH="10" NOTNULL="true" UNSIGNED="true" SEQUENCE="true" NEXT="name"/>
        <FIELD NAME="name" TYPE="char" LENGTH="255" NOTNULL="true" SEQUENCE="false" PREVIOUS="id" NEXT="visible"/>
        <FIELD NAME="visible" TYPE="int" LENGTH="1" NOTNULL="true" UNSIGNED="false" DEFAULT="1" SEQUENCE="false" PREVIOUS="name"/>
      </FIELDS>
      <KEYS>
        <KEY NAME="primary" TYPE="primary" FIELDS="id"/>
      </KEYS>
      <INDEXES>
        <INDEX NAME="name" UNIQUE="false" FIELDS="name"/>
      </INDEXES>
    </TABLE>
  </TABLES>
</XMLDB>
