<?xml version="1.0" encoding="UTF-8" ?>
<XMLDB PATH="mod/assign/submission/onlineaudio/db" VERSION="20090420" COMMENT="XMLDB file for Moodle mod/assign/submission/onlineaudio"
    xmlns:xsi="http://www.w3.org/2001/XMLSchema-instance"
    xsi:noNamespaceSchemaLocation="../../../lib/xmldb/xmldb.xsd"
>
  <TABLES>
    <TABLE NAME="assignsubmission_onlineaudio" COMMENT="Info about submitted assignments">
      <FIELDS>
        <FIELD NAME="id" TYPE="int" LENGTH="10" NOTNULL="true" UNSIGNED="true" SEQUENCE="true" NEXT="assignment"/>
        <FIELD NAME="assignment" TYPE="int" LENGTH="10" NOTNULL="true" UNSIGNED="true" DEFAULT="0" SEQUENCE="false" PREVIOUS="id" NEXT="submission"/>
        <FIELD NAME="submission" TYPE="int" LENGTH="10" NOTNULL="true" UNSIGNED="true" DEFAULT="0" SEQUENCE="false" PREVIOUS="assignment" NEXT="numfiles"/>
        <FIELD NAME="numfiles" TYPE="int" LENGTH="10" NOTNULL="true" UNSIGNED="true" DEFAULT="0" SEQUENCE="false" PREVIOUS="submission" />
      </FIELDS>
      <KEYS>
        <KEY NAME="primary" TYPE="primary" FIELDS="id" NEXT="assignment"/>
        <KEY NAME="assignment" TYPE="foreign" FIELDS="assignment" REFTABLE="assign" REFFIELDS="id" PREVIOUS="primary" NEXT="submission"/>
        <KEY NAME="submission" TYPE="foreign" FIELDS="submission" REFTABLE="assign_submission" REFFIELDS="id" PREVIOUS="assignment"/>
      </KEYS>
    </TABLE>
  </TABLES>
</XMLDB>
