<?xml version="1.0" encoding="utf-8"?>
<project version="2.0.0a11" title="">
  <file path="backup\moodle2\backup_ejsapp_activity_task.class.php" hash="58e4333b735f54a87b4c8bbec1a01706" package="mod\ejsapp">
    <docblock line="24">
      <description>Tasks file to perform the EJSApp backup</description>
      <long-description></long-description>
      <tag line="24" name="package" description="mod"/>
      <tag line="24" name="subpackage" description="ejsapp"/>
      <tag line="24" name="copyright" description="2012 Luis de la Torre and Ruben Heradio"/>
      <tag line="24" name="license" description="http://www.gnu.org/copyleft/gpl.html GNU GPL v3 or later"/>
    </docblock>
    <include line="35" type="Require Once" package="Default">
      <name/>
    </include>
    <class final="false" abstract="false" namespace="global" line="41" package="Default">
      <extends>\backup_activity_task</extends>
      <name>backup_ejsapp_activity_task</name>
      <full_name>\backup_ejsapp_activity_task</full_name>
      <docblock line="37">
        <description>EJSApp backup task that provides all the settings and steps to perform one
complete backup of the activity</description>
        <long-description></long-description>
      </docblock>
      <method final="false" abstract="false" static="false" visibility="protected" namespace="global" line="46" package="Default">
        <name>define_my_settings</name>
        <full_name>define_my_settings</full_name>
        <docblock line="43">
          <description>Define particular settings for this activity</description>
          <long-description></long-description>
        </docblock>
      </method>
      <method final="false" abstract="false" static="false" visibility="protected" namespace="global" line="54" package="Default">
        <name>define_my_steps</name>
        <full_name>define_my_steps</full_name>
        <docblock line="51">
          <description>Caller to define_structure-&gt;define_structure</description>
          <long-description></long-description>
        </docblock>
      </method>
      <method final="false" abstract="false" static="true" visibility="public" namespace="global" line="65" package="Default">
        <name>encode_content_links</name>
        <full_name>encode_content_links</full_name>
        <docblock line="59">
          <description>Code the transformations to perform in the activity in
 order to get transportable (encoded) links</description>
          <long-description></long-description>
          <tag line="59" name="param" description="" type="string" variable="$content">
            <type by_reference="false">string</type>
          </tag>
        </docblock>
        <argument line="65">
          <name>$content</name>
          <default></default>
          <type/>
        </argument>
      </method>
    </class>
  </file>
  <file path="backup\moodle2\backup_ejsapp_stepslib.php" hash="237c53daac4303e5814edd16285b6cf9" package="mod\ejsapp">
    <docblock line="24">
      <description>Steps file to perform the EJSApp backup</description>
      <long-description></long-description>
      <tag line="24" name="package" description="mod"/>
      <tag line="24" name="subpackage" description="ejsapp"/>
      <tag line="24" name="copyright" description="2012 Luis de la Torre and Ruben Heradio"/>
      <tag line="24" name="license" description="http://www.gnu.org/copyleft/gpl.html GNU GPL v3 or later"/>
    </docblock>
    <class final="false" abstract="false" namespace="global" line="39" package="Default">
      <extends>\backup_activity_structure_step</extends>
      <name>backup_ejsapp_activity_structure_step</name>
      <full_name>\backup_ejsapp_activity_structure_step</full_name>
      <docblock line="36">
        <description>Define the complete EJSApp structure for backup, with file and id annotations</description>
        <long-description></long-description>
      </docblock>
      <method final="false" abstract="false" static="false" visibility="protected" namespace="global" line="45" package="Default">
        <name>define_structure</name>
        <full_name>define_structure</full_name>
        <docblock line="42">
          <description>Define the complete EJSApp structure for backup, with file and id annotations</description>
          <long-description></long-description>
        </docblock>
      </method>
    </class>
  </file>
  <file path="backup\moodle2\restore_ejsapp_activity_task.class.php" hash="687f9e049afa2c8da1f78accddb1e152" package="mod\ejsapp">
    <docblock line="24">
      <description>Tasks file to perform the EJSApp restore</description>
      <long-description></long-description>
      <tag line="24" name="package" description="mod"/>
      <tag line="24" name="subpackage" description="ejsapp"/>
      <tag line="24" name="copyright" description="2012 Luis de la Torre and Ruben Heradio"/>
      <tag line="24" name="license" description="http://www.gnu.org/copyleft/gpl.html GNU GPL v3 or later"/>
    </docblock>
    <include line="35" type="Require Once" package="Default">
      <name/>
    </include>
    <class final="false" abstract="false" namespace="global" line="41" package="Default">
      <extends>\restore_activity_task</extends>
      <name>restore_ejsapp_activity_task</name>
      <full_name>\restore_ejsapp_activity_task</full_name>
      <docblock line="37">
        <description>EJSApp restore task that provides all the settings and steps to perform one
complete restore of the activity</description>
        <long-description></long-description>
      </docblock>
      <method final="false" abstract="false" static="false" visibility="protected" namespace="global" line="47" package="Default">
        <name>define_my_settings</name>
        <full_name>define_my_settings</full_name>
        <docblock line="44">
          <description>Define (add) particular settings this activity can have</description>
          <long-description></long-description>
        </docblock>
      </method>
      <method final="false" abstract="false" static="false" visibility="protected" namespace="global" line="55" package="Default">
        <name>define_my_steps</name>
        <full_name>define_my_steps</full_name>
        <docblock line="52">
          <description>Define (add) particular steps this activity can have</description>
          <long-description></long-description>
        </docblock>
      </method>
      <method final="false" abstract="false" static="true" visibility="public" namespace="global" line="65" package="Default">
        <name>define_decode_contents</name>
        <full_name>define_decode_contents</full_name>
        <docblock line="61">
          <description>Define the contents in the activity that must be
processed by the link decoder</description>
          <long-description></long-description>
        </docblock>
      </method>
      <method final="false" abstract="false" static="true" visibility="public" namespace="global" line="78" package="Default">
        <name>define_decode_rules</name>
        <full_name>define_decode_rules</full_name>
        <docblock line="74">
          <description>Define the decoding rules for links belonging
to the activity to be executed by the link decoder</description>
          <long-description></long-description>
        </docblock>
      </method>
      <method final="false" abstract="false" static="true" visibility="public" namespace="global" line="94" package="Default">
        <name>define_restore_log_rules</name>
        <full_name>define_restore_log_rules</full_name>
        <docblock line="88">
          <description>Define the restore log rules that will be applied
by the {@link restore_logs_processor} when restoring
ejsapp logs.</description>
          <long-description>&lt;p&gt;It must return one array
of {@link restore_log_rule} objects&lt;/p&gt;</long-description>
        </docblock>
      </method>
      <method final="false" abstract="false" static="true" visibility="public" namespace="global" line="120" package="Default">
        <name>define_restore_log_rules_for_course</name>
        <full_name>define_restore_log_rules_for_course</full_name>
        <docblock line="110">
          <description>Define the restore log rules that will be applied
by the {@link restore_logs_processor} when restoring
course logs.</description>
          <long-description>&lt;p&gt;It must return one array
of {@link restore_log_rule} objects&lt;/p&gt;

&lt;p&gt;Note this rules are applied when restoring course logs
by the restore final task, but are defined here at
activity level. All them are rules not linked to any module instance (cmid = 0)&lt;/p&gt;</long-description>
        </docblock>
      </method>
    </class>
  </file>
  <file path="backup\moodle2\restore_ejsapp_stepslib.php" hash="507e4b757da4af0a7961e8ebc24f1ed0" package="mod\ejsapp">
    <docblock line="24">
      <description>Tasks file to perform the EJSApp backup</description>
      <long-description></long-description>
      <tag line="24" name="package" description="mod"/>
      <tag line="24" name="subpackage" description="ejsapp"/>
      <tag line="24" name="copyright" description="2012 Luis de la Torre and Ruben Heradio"/>
      <tag line="24" name="license" description="http://www.gnu.org/copyleft/gpl.html GNU GPL v3 or later"/>
    </docblock>
    <class final="false" abstract="false" namespace="global" line="36" package="Default">
      <extends>\restore_activity_structure_step</extends>
      <name>restore_ejsapp_activity_structure_step</name>
      <full_name>\restore_ejsapp_activity_structure_step</full_name>
      <docblock line="33">
        <description>Structure step to restore one EJSApp activity</description>
        <long-description></long-description>
      </docblock>
      <method final="false" abstract="false" static="false" visibility="protected" namespace="global" line="41" package="Default">
        <name>define_structure</name>
        <full_name>define_structure</full_name>
        <docblock line="38">
          <description>Define structure</description>
          <long-description></long-description>
        </docblock>
      </method>
      <method final="false" abstract="false" static="false" visibility="protected" namespace="global" line="63" package="Default">
        <name>process_ejsapp</name>
        <full_name>process_ejsapp</full_name>
        <docblock line="59">
          <description>Process table ejsapp</description>
          <long-description></long-description>
          <tag line="59" name="param" description="" type="\stdClass" variable="$data">
            <type by_reference="false">\stdClass</type>
          </tag>
        </docblock>
        <argument line="63">
          <name>$data</name>
          <default></default>
          <type/>
        </argument>
      </method>
      <method final="false" abstract="false" static="false" visibility="protected" namespace="global" line="87" package="Default">
        <name>process_ejsapp_expsyst2pract</name>
        <full_name>process_ejsapp_expsyst2pract</full_name>
        <docblock line="83">
          <description>Process table ejsapp_expsyst2pract</description>
          <long-description></long-description>
          <tag line="83" name="param" description="" type="\stdClass" variable="$data">
            <type by_reference="false">\stdClass</type>
          </tag>
        </docblock>
        <argument line="87">
          <name>$data</name>
          <default></default>
          <type/>
        </argument>
      </method>
      <method final="false" abstract="false" static="false" visibility="protected" namespace="global" line="104" package="Default">
        <name>process_ejsapp_remlab_conf</name>
        <full_name>process_ejsapp_remlab_conf</full_name>
        <docblock line="100">
          <description>Process table ejsapp_remlab_conf</description>
          <long-description></long-description>
          <tag line="100" name="param" description="" type="\stdClass" variable="$data">
            <type by_reference="false">\stdClass</type>
          </tag>
        </docblock>
        <argument line="104">
          <name>$data</name>
          <default></default>
          <type/>
        </argument>
      </method>
      <method final="false" abstract="false" static="false" visibility="protected" namespace="global" line="120" package="Default">
        <name>process_ejsappbooking</name>
        <full_name>process_ejsappbooking</full_name>
        <docblock line="116">
          <description>Process table ejsappbooking</description>
          <long-description></long-description>
          <tag line="116" name="param" description="" type="\stdClass" variable="$data">
            <type by_reference="false">\stdClass</type>
          </tag>
        </docblock>
        <argument line="120">
          <name>$data</name>
          <default></default>
          <type/>
        </argument>
      </method>
      <method final="false" abstract="false" static="false" visibility="protected" namespace="global" line="140" package="Default">
        <name>process_ejsappbooking_usersaccess</name>
        <full_name>process_ejsappbooking_usersaccess</full_name>
        <docblock line="136">
          <description>Process table process_ejsappbooking_usersaccess</description>
          <long-description></long-description>
          <tag line="136" name="param" description="" type="\stdClass" variable="$data">
            <type by_reference="false">\stdClass</type>
          </tag>
        </docblock>
        <argument line="140">
          <name>$data</name>
          <default></default>
          <type/>
        </argument>
      </method>
      <method final="false" abstract="false" static="false" visibility="protected" namespace="global" line="161" package="Default">
        <name>process_ejsappbooking_remlab_access</name>
        <full_name>process_ejsappbooking_remlab_access</full_name>
        <docblock line="157">
          <description>Process table process_ejsappbooking_remlab_access</description>
          <long-description></long-description>
          <tag line="157" name="param" description="" type="\stdClass" variable="$data">
            <type by_reference="false">\stdClass</type>
          </tag>
        </docblock>
        <argument line="161">
          <name>$data</name>
          <default></default>
          <type/>
        </argument>
      </method>
      <method final="false" abstract="false" static="false" visibility="protected" namespace="global" line="179" package="Default">
        <name>after_execute</name>
        <full_name>after_execute</full_name>
        <docblock line="176">
          <description>Extract jarfiles to the ejsapp jar folder</description>
          <long-description></long-description>
        </docblock>
      </method>
    </class>
  </file>
  <file path="db\access.php" hash="64ebf7d80b3acb1ddec0369d890a4522" package="mod\ejsapp">
    <docblock line="24">
      <description>Capability definitions for the ejsapp module</description>
      <long-description>&lt;p&gt;The variable name for the capability definitions array is $capabilities&lt;/p&gt;</long-description>
      <tag line="24" name="package" description="mod"/>
      <tag line="24" name="subpackage" description="ejsapp"/>
      <tag line="24" name="copyright" description="2012 Luis de la Torre and Ruben Heradio"/>
      <tag line="24" name="license" description="http://www.gnu.org/copyleft/gpl.html GNU GPL v3 or later"/>
    </docblock>
  </file>
  <file path="db\install.php" hash="c8e922a2cb442ba94dbbfedd2b6a861f" package="mod\ejsapp">
    <docblock line="24">
      <description>Install file for the ejsapp module</description>
      <long-description></long-description>
      <tag line="24" name="package" description="mod"/>
      <tag line="24" name="subpackage" description="ejsapp"/>
      <tag line="24" name="copyright" description="2012 Luis de la Torre and Ruben Heradio"/>
      <tag line="24" name="license" description="http://www.gnu.org/copyleft/gpl.html GNU GPL v3 or later"/>
    </docblock>
    <function namespace="global" line="36" package="mod\ejsapp">
      <name>xmldb_ejsapp_install</name>
      <full_name>\xmldb_ejsapp_install</full_name>
      <docblock line="33">
        <description>Install function for the ejsapp module</description>
        <long-description></long-description>
      </docblock>
    </function>
  </file>
  <file path="db\log.php" hash="eb0e49ca9afcba9f99f9fa7f4954fe65" package="mod\ejsapp">
    <docblock line="24">
      <description>Log file for the ejsapp module</description>
      <long-description></long-description>
      <tag line="24" name="package" description="mod"/>
      <tag line="24" name="subpackage" description="ejsapp"/>
      <tag line="24" name="copyright" description="2012 Luis de la Torre and Ruben Heradio"/>
      <tag line="24" name="license" description="http://www.gnu.org/copyleft/gpl.html GNU GPL v3 or later"/>
    </docblock>
  </file>
  <file path="db\uninstall.php" hash="d3f7d71678bbf51ea532dddbc0e42563" package="mod\ejsapp">
    <docblock line="24">
      <description>Uninstall file for the ejsapp module</description>
      <long-description></long-description>
      <tag line="24" name="package" description="mod"/>
      <tag line="24" name="subpackage" description="ejsapp"/>
      <tag line="24" name="copyright" description="2012 Luis de la Torre and Ruben Heradio  &lt;ldelatorre@gmail.com rheradio@gmail.com&gt;"/>
      <tag line="24" name="license" description="http://www.gnu.org/copyleft/gpl.html GNU GPL v3 or later"/>
    </docblock>
    <function namespace="global" line="36" package="mod\ejsapp">
      <name>xmldb_ejsapp_uninstall</name>
      <full_name>\xmldb_ejsapp_uninstall</full_name>
      <docblock line="33">
        <description>Custom uninstallation procedure</description>
        <long-description></long-description>
      </docblock>
    </function>
  </file>
  <file path="db\upgrade.php" hash="b6434b3c74c38204864148271ecd2db7" package="mod\ejsapp">
    <docblock line="24">
      <description>Upgrade file for the ejsapp module</description>
      <long-description></long-description>
      <tag line="24" name="package" description="mod"/>
      <tag line="24" name="subpackage" description="ejsapp"/>
      <tag line="24" name="copyright" description="2012 Luis de la Torre and Ruben Heradio"/>
      <tag line="24" name="license" description="http://www.gnu.org/copyleft/gpl.html GNU GPL v3 or later"/>
    </docblock>
    <function namespace="global" line="40" package="mod\ejsapp">
      <name>xmldb_ejsapp_upgrade</name>
      <full_name>\xmldb_ejsapp_upgrade</full_name>
      <docblock line="35">
        <description>Upgrade function for the ejsapp module</description>
        <long-description></long-description>
        <tag line="35" name="param" description="" type="string" variable="$oldversion">
          <type by_reference="false">string</type>
        </tag>
      </docblock>
      <argument line="40">
        <name>$oldversion</name>
        <default></default>
        <type/>
      </argument>
    </function>
  </file>
  <file path="external_interface\ejsapp_external_interface.php" hash="faa2c2520e4cbb074b22dfef817fe3e1" package="mod\ejsapp">
    <docblock line="24">
      <description>EJSApp Interface for external applications (such as IPAL: http://www.compadre.org/ipal/)</description>
      <long-description></long-description>
      <tag line="24" name="package" description="mod"/>
      <tag line="24" name="subpackage" description="ejsapp"/>
      <tag line="24" name="copyright" description="2012 Luis de la Torre and Ruben Heradio"/>
      <tag line="24" name="license" description="http://www.gnu.org/copyleft/gpl.html GNU GPL v3 or later"/>
    </docblock>
    <include line="111" type="Require Once" package="Default">
      <name/>
    </include>
    <function namespace="global" line="33" package="mod\ejsapp">
      <name>get_ejsapp_instances</name>
      <full_name>\get_ejsapp_instances</full_name>
      <argument line="33">
        <name>$course_id</name>
        <default>null</default>
        <type/>
      </argument>
    </function>
    <function namespace="global" line="58" package="mod\ejsapp">
      <name>get_ejsapp_states</name>
      <full_name>\get_ejsapp_states</full_name>
      <argument line="58">
        <name>$ejsapp_id</name>
        <default></default>
        <type/>
      </argument>
    </function>
    <function namespace="global" line="99" package="mod\ejsapp">
      <name>draw_ejsapp_instance</name>
      <full_name>\draw_ejsapp_instance</full_name>
      <argument line="99">
        <name>$ejsapp_id</name>
        <default></default>
        <type/>
      </argument>
      <argument line="99">
        <name>$state_file</name>
        <default>null</default>
        <type/>
      </argument>
      <argument line="99">
        <name>$width</name>
        <default>null</default>
        <type/>
      </argument>
      <argument line="99">
        <name>$height</name>
        <default>null</default>
        <type/>
      </argument>
    </function>
    <function namespace="global" line="121" package="mod\ejsapp">
      <name>get_ejsapp_size</name>
      <full_name>\get_ejsapp_size</full_name>
      <argument line="121">
        <name>$ejsapp_id</name>
        <default></default>
        <type/>
      </argument>
    </function>
    <parse_markers>
      <error line="33" code="50009">No DocBlock was found for function \get_ejsapp_instances()</error>
      <error line="58" code="50009">No DocBlock was found for function \get_ejsapp_states()</error>
      <error line="99" code="50009">No DocBlock was found for function \draw_ejsapp_instance()</error>
      <error line="121" code="50009">No DocBlock was found for function \get_ejsapp_size()</error>
    </parse_markers>
  </file>
  <file path="external_interface\test.php" hash="3daeca034259dbc3e196be599617efe8" package="mod\ejsapp">
    <docblock line="23">
      <description>Test of the EJSApp External Interface</description>
      <long-description></long-description>
      <tag line="23" name="package" description="mod"/>
      <tag line="23" name="subpackage" description="ejsapp"/>
      <tag line="23" name="copyright" description="2012 Luis de la Torre and Ruben Heradio"/>
      <tag line="23" name="license" description="http://www.gnu.org/copyleft/gpl.html GNU GPL v3 or later"/>
    </docblock>
    <include line="33" type="Require Once" package="Default">
      <name/>
    </include>
    <include line="34" type="Require Once" package="Default">
      <name/>
    </include>
  </file>
  <file path="generate_applet_embedding_code.php" hash="62fd061467f7ade62203fb7912bd0ea0" package="mod\ejsapp">
    <docblock line="24">
      <description>This file generates the code that embeds the EJS applet into Moodle.</description>
      <long-description>&lt;p&gt;It is
used for three different cases: 1) when only the EJSApp activity is being
used, 2) when the EJSApp File Browser is used to load a state file, and
3) when the EJSApp Collab Session is used.&lt;/p&gt;</long-description>
      <tag line="24" name="package" description="mod"/>
      <tag line="24" name="subpackage" description="ejsapp"/>
      <tag line="24" name="copyright" description="2012 Luis de la Torre and Ruben Heradio"/>
      <tag line="24" name="license" description="http://www.gnu.org/copyleft/gpl.html GNU GPL v3 or later"/>
    </docblock>
    <include line="40" type="Require Once" package="Default">
      <name/>
    </include>
    <function namespace="global" line="71" package="mod\ejsapp">
      <name>generate_applet_embedding_code</name>
      <full_name>\generate_applet_embedding_code</full_name>
      <docblock line="43">
        <description>Returns the code that embeds an EJS applet into Moodle</description>
        <long-description>&lt;p&gt;This function returns the HTML and JavaScript code that embeds an EJS applet into Moodle
It is used for four different cases:
     1) when only the EJSApp activity is being used
     2) when the EJSApp File Browser is used to load a state file
     3) when the EJSApp Collab Session is used
     4) when third party plugins want to display EJS applets in their own activities by means of the EJSApp external interface&lt;/p&gt;</long-description>
        <tag line="43" name="param" description="record from table ejsapp" type="\stdClass" variable="$ejsapp">
          <type by_reference="false">\stdClass</type>
        </tag>
        <tag line="43" name="param" description="$sarlabinfo-&gt;instance: int sarlab id, $sarlabinfo-&gt;practice: int practice id, Null if sarlab is not used" type="\stdClass|null" variable="$sarlabinfo">
          <type by_reference="false">\stdClass</type>
          <type by_reference="false">null</type>
        </tag>
        <tag line="43" name="param" description="if generate_applet_embedding_code is called from block ejsapp_file_browser it is the name of the xml file that stores the state of an EJS applet, elsewhere it is null" type="string|null" variable="$state_file">
          <type by_reference="false">string</type>
          <type by_reference="false">null</type>
        </tag>
        <tag line="43" name="param" description="$collabinfo-&gt;session: int collaborative session id, $collabinfo-&gt;ip: string collaborative session ip, $collabinfo-&gt;port: int collaborative session port, $collabinfo-&gt;director: int id of the collaborative session master user, ` Null if generate_applet_embedding_code is not called from block ejsapp_collab_session" type="\stdClass|null" variable="$collabinfo">
          <type by_reference="false">\stdClass</type>
          <type by_reference="false">null</type>
        </tag>
        <tag line="43" name="param" description="$external_size-&gt;width: int value (in pixels) for the width of the applet to be drawn $external_size-&gt;height: int value (in pixels) for the height of the applet to be drawn Null if generate_applet_embedding_code is not called from the external interface (draw_ejsapp_instance() function)" type="\stdClass|null" variable="$external_size">
          <type by_reference="false">\stdClass</type>
          <type by_reference="false">null</type>
        </tag>
        <tag line="43" name="return" description="code that embeds an EJS applet into Moodle" type="string">
          <type by_reference="false">string</type>
        </tag>
      </docblock>
      <argument line="71">
        <name>$ejsapp</name>
        <default></default>
        <type/>
      </argument>
      <argument line="71">
        <name>$sarlabinfo</name>
        <default></default>
        <type/>
      </argument>
      <argument line="71">
        <name>$state_file</name>
        <default></default>
        <type/>
      </argument>
      <argument line="71">
        <name>$collabinfo</name>
        <default></default>
        <type/>
      </argument>
      <argument line="71">
        <name>$external_size</name>
        <default></default>
        <type/>
      </argument>
    </function>
  </file>
  <file path="index.php" hash="0d5421d255ac35011ceb4f65c8e44adf" package="mod\ejsapp">
    <docblock line="25">
      <description>This page is used by Moodle when listing all the instances of your module that are in a
particular course with the course id being passed to this script</description>
      <long-description></long-description>
      <tag line="25" name="package" description="mod"/>
      <tag line="25" name="subpackage" description="ejsapp"/>
      <tag line="25" name="copyright" description="2012 Luis de la Torre and Ruben Heradio"/>
      <tag line="25" name="license" description="http://www.gnu.org/copyleft/gpl.html GNU GPL v3 or later"/>
    </docblock>
    <include line="35" type="Require Once" package="Default">
      <name/>
    </include>
    <include line="36" type="Require Once" package="Default">
      <name/>
    </include>
  </file>
  <file path="lang\en\ejsapp.php" hash="87222cdaceb9eb17894dc397788229b0" package="mod\ejsapp">
    <docblock line="25">
      <description>English strings for ejsapp</description>
      <long-description></long-description>
      <tag line="25" name="package" description="mod"/>
      <tag line="25" name="subpackage" description="ejsapp"/>
      <tag line="25" name="copyright" description="2012 Luis de la Torre and Ruben Heradio"/>
      <tag line="25" name="license" description="http://www.gnu.org/copyleft/gpl.html GNU GPL v3 or later"/>
    </docblock>
  </file>
  <file path="lang\es\ejsapp.php" hash="4357b2f33ad30326aabc573c9c586024" package="mod\ejsapp">
    <docblock line="25">
      <description>Spanish strings for ejsapp</description>
      <long-description></long-description>
      <tag line="25" name="package" description="mod"/>
      <tag line="25" name="subpackage" description="ejsapp"/>
      <tag line="25" name="copyright" description="2012 Luis de la Torre and Ruben Heradio"/>
      <tag line="25" name="license" description="http://www.gnu.org/copyleft/gpl.html GNU GPL v3 or later"/>
    </docblock>
  </file>
  <file path="lib.php" hash="03acb6a16bb3cf6af0b1d3e0c9680dc3" package="mod\ejsapp">
    <docblock line="25">
      <description>Library of interface functions and constants for module ejsapp</description>
      <long-description>&lt;p&gt;All the core Moodle functions, neeeded to allow the module to work
integrated in Moodle are here.&lt;/p&gt;</long-description>
      <tag line="25" name="package" description="mod"/>
      <tag line="25" name="subpackage" description="ejsapp"/>
      <tag line="25" name="copyright" description="2012 Luis de la Torre and Ruben Heradio"/>
      <tag line="25" name="license" description="http://www.gnu.org/copyleft/gpl.html GNU GPL v3 or later"/>
    </docblock>
    <include line="39" type="Require Once" package="Default">
      <name>locallib.php</name>
    </include>
    <include line="193" type="Require Once" package="Default">
      <name/>
    </include>
    <include line="315" type="Require Once" package="Default">
      <name/>
    </include>
    <function namespace="global" line="47" package="mod\ejsapp">
      <name>ejsapp_supports</name>
      <full_name>\ejsapp_supports</full_name>
      <docblock line="41">
        <description>Supported features by EJSApp</description>
        <long-description></long-description>
        <tag line="41" name="param" description="feature to be supported" type="\constant" variable="$feature">
          <type by_reference="false">\constant</type>
        </tag>
        <tag line="41" name="return" description="true if EJSApp supports the feature, false elsewhere" type="boolean">
          <type by_reference="false">boolean</type>
        </tag>
      </docblock>
      <argument line="47">
        <name>$feature</name>
        <default></default>
        <type/>
      </argument>
    </function>
    <function namespace="global" line="72" package="mod\ejsapp">
      <name>ejsapp_add_instance</name>
      <full_name>\ejsapp_add_instance</full_name>
      <docblock line="62">
        <description>Given an object containing all the necessary data,
(defined by the form in mod_form.php) this function
will create a new instance and return the id number
of the new instance.</description>
        <long-description></long-description>
        <tag line="62" name="param" description="An object from the form in mod_form.php" type="object" variable="$ejsapp">
          <type by_reference="false">object</type>
        </tag>
        <tag line="62" name="param" description="" type="\global\" variable="$mform"/>
        <tag line="62" name="return" description="The id of the newly inserted ejsapp record" type="int">
          <type by_reference="false">int</type>
        </tag>
      </docblock>
      <argument line="72">
        <name>$ejsapp</name>
        <default></default>
        <type/>
      </argument>
      <argument line="72">
        <name>$mform</name>
        <default>null</default>
        <type/>
      </argument>
    </function>
    <function namespace="global" line="179" package="mod\ejsapp">
      <name>ejsapp_update_instance</name>
      <full_name>\ejsapp_update_instance</full_name>
      <docblock line="170">
        <description>Given an object containing all the necessary data,
(defined by the form in mod_form.php) this function
will update an existing instance with new data.</description>
        <long-description></long-description>
        <tag line="170" name="param" description="An object from the form in mod_form.php" type="object" variable="$ejsapp">
          <type by_reference="false">object</type>
        </tag>
        <tag line="170" name="param" description="" type="\global\" variable="$mform"/>
        <tag line="170" name="return" description="Success/Fail" type="boolean">
          <type by_reference="false">boolean</type>
        </tag>
      </docblock>
      <argument line="179">
        <name>$ejsapp</name>
        <default></default>
        <type/>
      </argument>
      <argument line="179">
        <name>$mform</name>
        <default></default>
        <type/>
      </argument>
    </function>
    <function namespace="global" line="312" package="mod\ejsapp">
      <name>ejsapp_delete_instance</name>
      <full_name>\ejsapp_delete_instance</full_name>
      <docblock line="304">
        <description>Given an ID of an instance of this module,
this function will permanently delete the instance
and any data that depends on it.</description>
        <long-description></long-description>
        <tag line="304" name="param" description="Id of the module instance" type="int" variable="$id">
          <type by_reference="false">int</type>
        </tag>
        <tag line="304" name="return" description="Success/Failure" type="boolean">
          <type by_reference="false">boolean</type>
        </tag>
      </docblock>
      <argument line="312">
        <name>$id</name>
        <default></default>
        <type/>
      </argument>
    </function>
    <function namespace="global" line="357" package="mod\ejsapp">
      <name>ejsapp_user_outline</name>
      <full_name>\ejsapp_user_outline</full_name>
      <docblock line="342">
        <description>Return a small object with summary information about what a
user has done with a given particular instance of this module
Used for user activity reports.</description>
        <long-description></long-description>
        <tag line="342" name="param" description="" type="\global\" variable="$course"/>
        <tag line="342" name="param" description="" type="\global\" variable="$user"/>
        <tag line="342" name="param" description="" type="\global\" variable="$mod"/>
        <tag line="342" name="param" description="" type="\global\" variable="$ejsapp"/>
        <tag line="342" name="return" description="= the time they did it&#13;&#10;$return-&gt;info = a short text description" type="\$return-&gt;time">
          <type by_reference="false">\$return-&gt;time</type>
        </tag>
      </docblock>
      <argument line="357">
        <name>$course</name>
        <default></default>
        <type/>
      </argument>
      <argument line="357">
        <name>$user</name>
        <default></default>
        <type/>
      </argument>
      <argument line="357">
        <name>$mod</name>
        <default></default>
        <type/>
      </argument>
      <argument line="357">
        <name>$ejsapp</name>
        <default></default>
        <type/>
      </argument>
    </function>
    <function namespace="global" line="376" package="mod\ejsapp">
      <name>ejsapp_user_complete</name>
      <full_name>\ejsapp_user_complete</full_name>
      <docblock line="365">
        <description>Print a detailed representation of what a user has done with
a given particular instance of this module, for user activity reports.</description>
        <long-description></long-description>
        <tag line="365" name="param" description="" type="\global\" variable="$course"/>
        <tag line="365" name="param" description="" type="\global\" variable="$user"/>
        <tag line="365" name="param" description="" type="\global\" variable="$mod"/>
        <tag line="365" name="param" description="" type="\global\" variable="$ejsapp"/>
        <tag line="365" name="return" description="" type="boolean">
          <type by_reference="false">boolean</type>
        </tag>
      </docblock>
      <argument line="376">
        <name>$course</name>
        <default></default>
        <type/>
      </argument>
      <argument line="376">
        <name>$user</name>
        <default></default>
        <type/>
      </argument>
      <argument line="376">
        <name>$mod</name>
        <default></default>
        <type/>
      </argument>
      <argument line="376">
        <name>$ejsapp</name>
        <default></default>
        <type/>
      </argument>
    </function>
    <function namespace="global" line="391" package="mod\ejsapp">
      <name>ejsapp_print_recent_activity</name>
      <full_name>\ejsapp_print_recent_activity</full_name>
      <docblock line="381">
        <description>Given a course and a time, this module should find recent activity
that has occurred in ejsapp activities and print it out.</description>
        <long-description>&lt;p&gt;Return true if there was output, or false is there was none.&lt;/p&gt;</long-description>
        <tag line="381" name="param" description="" type="\global\" variable="$course"/>
        <tag line="381" name="param" description="" type="\global\" variable="$viewfullnames"/>
        <tag line="381" name="param" description="" type="\global\" variable="$timestart"/>
        <tag line="381" name="return" description="false" type="boolean">
          <type by_reference="false">boolean</type>
        </tag>
      </docblock>
      <argument line="391">
        <name>$course</name>
        <default></default>
        <type/>
      </argument>
      <argument line="391">
        <name>$viewfullnames</name>
        <default></default>
        <type/>
      </argument>
      <argument line="391">
        <name>$timestart</name>
        <default></default>
        <type/>
      </argument>
    </function>
    <function namespace="global" line="412" package="mod\ejsapp">
      <name>ejsapp_get_recent_mod_activity</name>
      <full_name>\ejsapp_get_recent_mod_activity</full_name>
      <docblock line="396">
        <description>Prepares the recent activity data</description>
        <long-description>&lt;p&gt;This callback function is supposed to populate the passed array with
custom activity records. These records are then rendered into HTML via
{@link newmodule_print_recent_mod_activity()}.&lt;/p&gt;</long-description>
        <tag line="396" name="param" description="sequentially indexed array of objects with the 'cmid' property" type="array" variable="$activities">
          <type by_reference="false">array</type>
        </tag>
        <tag line="396" name="param" description="the index in the $activities to use for the next record" type="int" variable="$index">
          <type by_reference="false">int</type>
        </tag>
        <tag line="396" name="param" description="append activity since this time" type="int" variable="$timestart">
          <type by_reference="false">int</type>
        </tag>
        <tag line="396" name="param" description="the id of the course we produce the report for" type="int" variable="$courseid">
          <type by_reference="false">int</type>
        </tag>
        <tag line="396" name="param" description="course module id" type="int" variable="$cmid">
          <type by_reference="false">int</type>
        </tag>
        <tag line="396" name="param" description="check for a particular user's activity only, defaults to 0 (all users)" type="int" variable="$userid">
          <type by_reference="false">int</type>
        </tag>
        <tag line="396" name="param" description="check for a particular group's activity only, defaults to 0 (all groups)" type="int" variable="$groupid">
          <type by_reference="false">int</type>
        </tag>
        <tag line="396" name="return" description="adds items into $activities and increases $index" type="void">
          <type by_reference="false">void</type>
        </tag>
      </docblock>
      <argument line="412">
        <name>$activities</name>
        <default></default>
        <type/>
      </argument>
      <argument line="412">
        <name>$index</name>
        <default></default>
        <type/>
      </argument>
      <argument line="412">
        <name>$timestart</name>
        <default></default>
        <type/>
      </argument>
      <argument line="412">
        <name>$courseid</name>
        <default></default>
        <type/>
      </argument>
      <argument line="412">
        <name>$cmid</name>
        <default></default>
        <type/>
      </argument>
      <argument line="412">
        <name>$userid</name>
        <default>0</default>
        <type/>
      </argument>
      <argument line="412">
        <name>$groupid</name>
        <default>0</default>
        <type/>
      </argument>
    </function>
    <function namespace="global" line="425" package="mod\ejsapp">
      <name>ejsapp_print_recent_mod_activity</name>
      <full_name>\ejsapp_print_recent_mod_activity</full_name>
      <docblock line="416">
        <description>Prints single activity item prepared by {@see newmodule_get_recent_mod_activity()}</description>
        <long-description></long-description>
        <tag line="416" name="param" description="" type="\global\" variable="$activity"/>
        <tag line="416" name="param" description="" type="\global\" variable="$courseid"/>
        <tag line="416" name="param" description="" type="\global\" variable="$detail"/>
        <tag line="416" name="param" description="" type="\global\" variable="$modnames"/>
        <tag line="416" name="param" description="" type="\global\" variable="$viewfullnames"/>
        <tag line="416" name="return" description="" type="void">
          <type by_reference="false">void</type>
        </tag>
      </docblock>
      <argument line="425">
        <name>$activity</name>
        <default></default>
        <type/>
      </argument>
      <argument line="425">
        <name>$courseid</name>
        <default></default>
        <type/>
      </argument>
      <argument line="425">
        <name>$detail</name>
        <default></default>
        <type/>
      </argument>
      <argument line="425">
        <name>$modnames</name>
        <default></default>
        <type/>
      </argument>
      <argument line="425">
        <name>$viewfullnames</name>
        <default></default>
        <type/>
      </argument>
    </function>
    <function namespace="global" line="436" package="mod\ejsapp">
      <name>ejsapp_cron</name>
      <full_name>\ejsapp_cron</full_name>
      <docblock line="429">
        <description>Function to be run periodically according to the moodle cron
This function searches for things that need to be done, such
as sending out mail, toggling flags etc .</description>
        <long-description>&lt;p&gt;..&lt;/p&gt;</long-description>
        <tag line="429" name="return" description="" type="boolean">
          <type by_reference="false">boolean</type>
        </tag>
      </docblock>
    </function>
    <function namespace="global" line="447" package="mod\ejsapp">
      <name>newmodule_get_extra_capabilities</name>
      <full_name>\newmodule_get_extra_capabilities</full_name>
      <docblock line="441">
        <description>Returns all other caps used in the module</description>
        <long-description></long-description>
        <tag line="441" name="example" description="return array('moodle/site:accessallgroups');"/>
        <tag line="441" name="return" description="" type="array">
          <type by_reference="false">array</type>
        </tag>
      </docblock>
    </function>
    <function namespace="global" line="462" package="mod\ejsapp">
      <name>ejsapp_get_participants</name>
      <full_name>\ejsapp_get_participants</full_name>
      <docblock line="452">
        <description>Must return an array of users who are participants for a given instance
of ejsapp.</description>
        <long-description>&lt;p&gt;Must include every user involved in the instance,
independient of his role (student, teacher, admin...). The returned
objects must contain at least id property.
See other modules as example.&lt;/p&gt;</long-description>
        <tag line="452" name="param" description="ID of an instance of this module" type="int" variable="$ejsappid">
          <type by_reference="false">int</type>
        </tag>
        <tag line="452" name="return" description="false if no participants, array of objects otherwise" type="boolean|array">
          <type by_reference="false">boolean</type>
          <type by_reference="false">array</type>
        </tag>
      </docblock>
      <argument line="462">
        <name>$ejsappid</name>
        <default></default>
        <type/>
      </argument>
    </function>
    <function namespace="global" line="484" package="mod\ejsapp">
      <name>ejsapp_get_file_areas</name>
      <full_name>\ejsapp_get_file_areas</full_name>
      <docblock line="473">
        <description>Returns the lists of all browsable file areas within the given module context</description>
        <long-description>&lt;p&gt;The file area 'intro' for the activity introduction field is added automatically
by {@link file_browser::get_file_info_context_module()}&lt;/p&gt;</long-description>
        <tag line="473" name="param" description="" type="\stdClass" variable="$course">
          <type by_reference="false">\stdClass</type>
        </tag>
        <tag line="473" name="param" description="" type="\stdClass" variable="$cm">
          <type by_reference="false">\stdClass</type>
        </tag>
        <tag line="473" name="param" description="" type="\stdClass" variable="$context">
          <type by_reference="false">\stdClass</type>
        </tag>
        <tag line="473" name="return" description="of [(string)filearea] =&gt; (string)description" type="array">
          <type by_reference="false">array</type>
        </tag>
      </docblock>
      <argument line="484">
        <name>$course</name>
        <default></default>
        <type/>
      </argument>
      <argument line="484">
        <name>$cm</name>
        <default></default>
        <type/>
      </argument>
      <argument line="484">
        <name>$context</name>
        <default></default>
        <type/>
      </argument>
    </function>
    <function namespace="global" line="503" package="mod\ejsapp">
      <name>ejsapp_get_file_info</name>
      <full_name>\ejsapp_get_file_info</full_name>
      <docblock line="489">
        <description>File browsing support for ejsapp file areas</description>
        <long-description></long-description>
        <tag line="489" name="param" description="" type="\file_browser" variable="$browser">
          <type by_reference="false">\file_browser</type>
        </tag>
        <tag line="489" name="param" description="" type="array" variable="$areas">
          <type by_reference="false">array</type>
        </tag>
        <tag line="489" name="param" description="" type="\stdClass" variable="$course">
          <type by_reference="false">\stdClass</type>
        </tag>
        <tag line="489" name="param" description="" type="\stdClass" variable="$cm">
          <type by_reference="false">\stdClass</type>
        </tag>
        <tag line="489" name="param" description="" type="\stdClass" variable="$context">
          <type by_reference="false">\stdClass</type>
        </tag>
        <tag line="489" name="param" description="" type="string" variable="$filearea">
          <type by_reference="false">string</type>
        </tag>
        <tag line="489" name="param" description="" type="int" variable="$itemid">
          <type by_reference="false">int</type>
        </tag>
        <tag line="489" name="param" description="" type="string" variable="$filepath">
          <type by_reference="false">string</type>
        </tag>
        <tag line="489" name="param" description="" type="string" variable="$filename">
          <type by_reference="false">string</type>
        </tag>
        <tag line="489" name="return" description="instance or null if not found" type="\file_info">
          <type by_reference="false">\file_info</type>
        </tag>
      </docblock>
      <argument line="503">
        <name>$browser</name>
        <default></default>
        <type/>
      </argument>
      <argument line="503">
        <name>$areas</name>
        <default></default>
        <type/>
      </argument>
      <argument line="503">
        <name>$course</name>
        <default></default>
        <type/>
      </argument>
      <argument line="503">
        <name>$cm</name>
        <default></default>
        <type/>
      </argument>
      <argument line="503">
        <name>$context</name>
        <default></default>
        <type/>
      </argument>
      <argument line="503">
        <name>$filearea</name>
        <default></default>
        <type/>
      </argument>
      <argument line="503">
        <name>$itemid</name>
        <default></default>
        <type/>
      </argument>
      <argument line="503">
        <name>$filepath</name>
        <default></default>
        <type/>
      </argument>
      <argument line="503">
        <name>$filename</name>
        <default></default>
        <type/>
      </argument>
    </function>
    <function namespace="global" line="520" package="mod\ejsapp">
      <name>ejsapp_pluginfile</name>
      <full_name>\ejsapp_pluginfile</full_name>
      <docblock line="508">
        <description>Serves the files from the ejsapp file areas</description>
        <long-description></long-description>
        <tag line="508" name="param" description="the course object" type="\stdClass" variable="$course">
          <type by_reference="false">\stdClass</type>
        </tag>
        <tag line="508" name="param" description="the course module object" type="\stdClass" variable="$cm">
          <type by_reference="false">\stdClass</type>
        </tag>
        <tag line="508" name="param" description="the ejsapp's context" type="\stdClass" variable="$context">
          <type by_reference="false">\stdClass</type>
        </tag>
        <tag line="508" name="param" description="the name of the file area" type="string" variable="$filearea">
          <type by_reference="false">string</type>
        </tag>
        <tag line="508" name="param" description="extra arguments (itemid, path)" type="array" variable="$args">
          <type by_reference="false">array</type>
        </tag>
        <tag line="508" name="param" description="whether or not force download" type="bool" variable="$forcedownload">
          <type by_reference="false">bool</type>
        </tag>
        <tag line="508" name="param" description="additional options affecting the file serving" type="array" variable="$options">
          <type by_reference="false">array</type>
        </tag>
        <tag line="508" name="return" description="served file" type="\file">
          <type by_reference="false">\file</type>
        </tag>
      </docblock>
      <argument line="520">
        <name>$course</name>
        <default></default>
        <type/>
      </argument>
      <argument line="520">
        <name>$cm</name>
        <default></default>
        <type/>
      </argument>
      <argument line="520">
        <name>$context</name>
        <default></default>
        <type/>
      </argument>
      <argument line="520">
        <name>$filearea</name>
        <default></default>
        <type/>
      </argument>
      <argument line="520">
        <name>$args</name>
        <default></default>
        <type>array</type>
      </argument>
      <argument line="520">
        <name>$forcedownload</name>
        <default></default>
        <type/>
      </argument>
      <argument line="520">
        <name>$options</name>
        <default>null</default>
        <type/>
      </argument>
    </function>
  </file>
  <file path="locallib.php" hash="80f96bba342785454fa15824a9130c45" package="mod\ejsapp">
    <docblock line="25">
      <description>Internal library of functions for module ejsapp</description>
      <long-description>&lt;p&gt;All the ejsappbooking specific functions, needed to implement the module
logic, are here.&lt;/p&gt;</long-description>
      <tag line="25" name="package" description="mod"/>
      <tag line="25" name="subpackage" description="ejsapp"/>
      <tag line="25" name="copyright" description="2012 Luis de la Torre and Ruben Heradio"/>
      <tag line="25" name="license" description="http://www.gnu.org/copyleft/gpl.html GNU GPL v3 or later"/>
    </docblock>
    <function namespace="global" line="45" package="mod\ejsapp">
      <name>update_db</name>
      <full_name>\update_db</full_name>
      <docblock line="39">
        <description>Updates the EJSApp tables according to the .jar information</description>
        <long-description></long-description>
        <tag line="39" name="param" description="record from table ejsapp" type="\stdClass" variable="$ejsapp">
          <type by_reference="false">\stdClass</type>
        </tag>
        <tag line="39" name="param" description="" type="int" variable="$contextid">
          <type by_reference="false">int</type>
        </tag>
      </docblock>
      <argument line="45">
        <name>$ejsapp</name>
        <default></default>
        <type/>
      </argument>
      <argument line="45">
        <name>$contextid</name>
        <default></default>
        <type/>
      </argument>
    </function>
    <function namespace="global" line="166" package="mod\ejsapp">
      <name>delete_recursively</name>
      <full_name>\delete_recursively</full_name>
      <docblock line="160">
        <description>Deletes a directory from the server</description>
        <long-description></long-description>
        <tag line="160" name="param" description="directory to delete" type="\file" variable="$dir">
          <type by_reference="false">\file</type>
        </tag>
        <tag line="160" name="return" description="TRUE on success or FALSE on failure" type="bool">
          <type by_reference="false">bool</type>
        </tag>
      </docblock>
      <argument line="166">
        <name>$dir</name>
        <default></default>
        <type/>
      </argument>
    </function>
    <function namespace="global" line="186" package="mod\ejsapp">
      <name>delete_non_alphanumeric_symbols</name>
      <full_name>\delete_non_alphanumeric_symbols</full_name>
      <docblock line="179">
        <description>Removes non alphanumeric_symbols from a string</description>
        <long-description></long-description>
        <tag line="179" name="param" description="string" type="\global\" variable="$str"/>
        <tag line="179" name="return" description="" type="string">
          <type by_reference="false">string</type>
        </tag>
      </docblock>
      <argument line="186">
        <name>$str</name>
        <default></default>
        <type/>
      </argument>
    </function>
  </file>
  <file path="mod_form.php" hash="59191ebc98cf971c1e1edd67efb720fb" package="mod\ejsapp">
    <docblock line="24">
      <description>EJSApp settings form.</description>
      <long-description></long-description>
      <tag line="24" name="package" description="mod"/>
      <tag line="24" name="subpackage" description="ejsapp"/>
      <tag line="24" name="copyright" description="2012 Luis de la Torre and Ruben Heradio"/>
      <tag line="24" name="license" description="http://www.gnu.org/copyleft/gpl.html GNU GPL v3 or later"/>
    </docblock>
    <include line="35" type="Require Once" package="Default">
      <name/>
    </include>
    <include line="36" type="Require Once" package="Default">
      <name/>
    </include>
    <include line="37" type="Require Once" package="Default">
      <name/>
    </include>
    <include line="38" type="Require Once" package="Default">
      <name/>
    </include>
    <include line="39" type="Require Once" package="Default">
      <name>locallib.php</name>
    </include>
    <class final="false" abstract="false" namespace="global" line="45" package="Default">
      <extends>\moodleform_mod</extends>
      <name>mod_ejsapp_mod_form</name>
      <full_name>\mod_ejsapp_mod_form</full_name>
      <docblock line="42">
        <description>Class that defines the EJSApp settings form.</description>
        <long-description></long-description>
      </docblock>
      <method final="false" abstract="false" static="false" visibility="public" namespace="global" line="53" package="Default">
        <name>definition</name>
        <full_name>definition</full_name>
        <docblock line="48">
          <description>Called from Moodle to define this form</description>
          <long-description></long-description>
          <tag line="48" name="return" description="" type="void">
            <type by_reference="false">void</type>
          </tag>
        </docblock>
      </method>
      <method final="false" abstract="false" static="false" visibility="public" namespace="global" line="246" package="Default">
        <name>data_preprocessing</name>
        <full_name>data_preprocessing</full_name>
        <docblock line="241">
          <description>Any data processing needed before the form is displayed
(needed to set up draft areas for editor and filemanager elements)</description>
          <long-description></long-description>
          <tag line="241" name="param" description="&amp;$default_values" type="array" variable="$default_values">
            <type by_reference="false">array</type>
          </tag>
        </docblock>
        <argument line="246">
          <name>$default_values</name>
          <default></default>
          <type/>
        </argument>
      </method>
      <method final="false" abstract="false" static="false" visibility="public" namespace="global" line="313" package="Default">
        <name>validation</name>
        <full_name>validation</full_name>
        <docblock line="308">
          <description>Performs minimal validation on the settings form</description>
          <long-description></long-description>
          <tag line="308" name="param" description="" type="array" variable="$data">
            <type by_reference="false">array</type>
          </tag>
          <tag line="308" name="param" description="" type="array" variable="$files">
            <type by_reference="false">array</type>
          </tag>
        </docblock>
        <argument line="313">
          <name>$data</name>
          <default></default>
          <type/>
        </argument>
        <argument line="313">
          <name>$files</name>
          <default></default>
          <type/>
        </argument>
      </method>
    </class>
  </file>
  <file path="sarlab.php" hash="169171f9e66a1bc64f014db2f62444b7" package="mod\ejsapp">
    <docblock line="25">
      <description>Prints a particular instance of ejsapp</description>
      <long-description></long-description>
      <tag line="25" name="package" description="mod"/>
      <tag line="25" name="subpackage" description="ejsapp"/>
      <tag line="25" name="copyright" description="2012 Luis de la Torre and Ruben Heradio"/>
      <tag line="25" name="license" description="http://www.gnu.org/copyleft/gpl.html GNU GPL v3 or later"/>
    </docblock>
    <include line="37" type="Require Once" package="Default">
      <name>../../config.php</name>
    </include>
  </file>
  <file path="send_files_list.php" hash="eae2a6b5587b381a698b59942da7e507" package="mod\ejsapp">
    <docblock line="25">
      <description>This file is used to send to an EJS applet the list of .xml state files
saved by that applet.</description>
      <long-description></long-description>
      <tag line="25" name="package" description="mod"/>
      <tag line="25" name="subpackage" description="ejsapp"/>
      <tag line="25" name="copyright" description="2012 Luis de la Torre and Ruben Heradio"/>
      <tag line="25" name="license" description="http://www.gnu.org/copyleft/gpl.html GNU GPL v3 or later"/>
    </docblock>
    <include line="36" type="Require Once" package="Default">
      <name>../../config.php</name>
    </include>
    <include line="38" type="Require Once" package="Default">
      <name/>
    </include>
  </file>
  <file path="settings.php" hash="372d6ed69564a69ac518f6aa3bab9da9" package="mod\ejsapp">
    <docblock line="25">
      <description>Use this file to configure the EJSApp module AND (when installed) the EJSApp
Collab Sessions block.</description>
      <long-description></long-description>
      <tag line="25" name="package" description="mod"/>
      <tag line="25" name="subpackage" description="ejsapp"/>
      <tag line="25" name="copyright" description="2012 Luis de la Torre and Ruben Heradio"/>
      <tag line="25" name="license" description="http://www.gnu.org/copyleft/gpl.html GNU GPL v3 or later"/>
    </docblock>
  </file>
  <file path="upload_file.php" hash="2889682cf44a7f3ae6d2bbe37180912a" package="mod\ejsapp">
    <docblock line="25">
      <description>This file is used to receive any .xml, text or image file saved by an EJS
applet.</description>
      <long-description></long-description>
      <tag line="25" name="package" description="mod"/>
      <tag line="25" name="subpackage" description="ejsapp"/>
      <tag line="25" name="copyright" description="2012 Luis de la Torre and Ruben Heradio"/>
      <tag line="25" name="license" description="http://www.gnu.org/copyleft/gpl.html GNU GPL v3 or later"/>
    </docblock>
    <include line="35" type="Require Once" package="Default">
      <name>../../config.php</name>
    </include>
    <include line="37" type="Require Once" package="Default">
      <name/>
    </include>
    <include line="38" type="Require Once" package="Default">
      <name/>
    </include>
    <include line="39" type="Require Once" package="Default">
      <name/>
    </include>
  </file>
  <file path="version.php" hash="6cd9d19343a7af51de2080ac9bc09e27" package="mod\ejsapp">
    <docblock line="25">
      <description>Version file for the ejsapp module</description>
      <long-description></long-description>
      <tag line="25" name="package" description="mod"/>
      <tag line="25" name="subpackage" description="ejsapp"/>
      <tag line="25" name="copyright" description="2012 Luis de la Torre, Ruben Heradio and Javier Pav�n"/>
      <tag line="25" name="license" description="http://www.gnu.org/copyleft/gpl.html GNU GPL v3 or later"/>
    </docblock>
  </file>
  <file path="view.php" hash="441351e0fa66f1a8051016b9f28425bc" package="mod\ejsapp">
    <docblock line="24">
      <description>Prints a particular instance of EJSApp</description>
      <long-description></long-description>
      <tag line="24" name="package" description="mod"/>
      <tag line="24" name="subpackage" description="ejsapp"/>
      <tag line="24" name="copyright" description="2012 Luis de la Torre and Ruben Heradio"/>
      <tag line="24" name="license" description="http://www.gnu.org/copyleft/gpl.html GNU GPL v3 or later"/>
    </docblock>
    <include line="33" type="Require Once" package="Default">
      <name/>
    </include>
    <include line="34" type="Require Once" package="Default">
      <name/>
    </include>
    <include line="35" type="Require Once" package="Default">
      <name>generate_applet_embedding_code.php</name>
    </include>
    <markers>
      <todo line="90">Consider the possibility of using a remote lab with Sarlab and without booking system (select practice?)</todo>
    </markers>
  </file>
  <package name="Default" full_name="Default"/>
  <package name="mod" full_name="mod">
    <package name="ejsapp" full_name="mod\ejsapp"/>
  </package>
  <namespace name="global" full_name="global"/>
  <marker count="1">todo</marker>
  <marker count="0">fixme</marker>
  <deprecated count="0"/>
</project>
