<?xml version="1.0" encoding="UTF-8" ?>
<XMLDB PATH="course/format/grid/db" VERSION="20131104" COMMENT="XMLDB file for Moodle course/format/grid"
    xmlns:xsi="http://www.w3.org/2001/XMLSchema-instance"
    xsi:noNamespaceSchemaLocation="../../../../lib/xmldb/xmldb.xsd"
>
  <TABLES>
    <TABLE NAME="format_grid_icon" COMMENT="Icon images for each topic, used by the grid course format" NEXT="format_grid_summary">
      <FIELDS>
        <FIELD NAME="id" TYPE="int" LENGTH="10" NOTNULL="true" UNSIGNED="false" SEQUENCE="true" NEXT="image"/>
        <FIELD NAME="image" TYPE="text" LENGTH="small" NOTNULL="false" SEQUENCE="false" PREVIOUS="id" NEXT="displayedimageindex"/>
        <FIELD NAME="displayedimageindex" TYPE="int" LENGTH="10" NOTNULL="true" UNSIGNED="true" DEFAULT="0" SEQUENCE="false" COMMENT="Used to ensure the browser gets the new image when changed.  Sequence controlled by code." PREVIOUS="image" NEXT="sectionid"/>
        <FIELD NAME="sectionid" TYPE="int" LENGTH="10" NOTNULL="true" UNSIGNED="false" SEQUENCE="false" PREVIOUS="displayedimageindex" NEXT="courseid"/>
        <FIELD NAME="courseid" TYPE="int" LENGTH="10" NOTNULL="true" UNSIGNED="false" SEQUENCE="false" COMMENT="Needed to identify records when deleting a course" PREVIOUS="sectionid"/>
      </FIELDS>
      <KEYS>
        <KEY NAME="primary" TYPE="primary" FIELDS="id"/>
      </KEYS>
      <INDEXES>
        <INDEX NAME="section" UNIQUE="true" FIELDS="sectionid"/>
      </INDEXES>
    </TABLE>
    <TABLE NAME="format_grid_summary" COMMENT="A table to hold a single flag on whether to show section 0 above the grid or in the grid" PREVIOUS="format_grid_icon">
      <FIELDS>
        <FIELD NAME="id" TYPE="int" LENGTH="10" NOTNULL="true" UNSIGNED="false" SEQUENCE="true" NEXT="showsummary"/>
        <FIELD NAME="showsummary" TYPE="int" LENGTH="1" NOTNULL="true" UNSIGNED="false" SEQUENCE="false" COMMENT="Flag whether the course administrator wants section 0 to be shown or hidden in the grid" PREVIOUS="id" NEXT="courseid"/>
        <FIELD NAME="courseid" TYPE="int" LENGTH="10" NOTNULL="true" UNSIGNED="false" SEQUENCE="false" PREVIOUS="showsummary"/>
      </FIELDS>
      <KEYS>
        <KEY NAME="primary" TYPE="primary" FIELDS="id"/>
      </KEYS>
    </TABLE>
  </TABLES>
</XMLDB>