<?xml version="1.0" encoding="UTF-8" ?>
<XMLDB PATH="blocks/xp/db" VERSION="20150309" COMMENT="XMLDB file for Moodle blocks/xp"
    xmlns:xsi="http://www.w3.org/2001/XMLSchema-instance"
    xsi:noNamespaceSchemaLocation="../../../lib/xmldb/xmldb.xsd"
>
  <TABLES>
    <TABLE NAME="block_xp" COMMENT="XP points earned">
      <FIELDS>
        <FIELD NAME="id" TYPE="int" LENGTH="10" NOTNULL="true" SEQUENCE="true"/>
        <FIELD NAME="courseid" TYPE="int" LENGTH="10" NOTNULL="true" SEQUENCE="false"/>
        <FIELD NAME="userid" TYPE="int" LENGTH="10" NOTNULL="true" SEQUENCE="false"/>
        <FIELD NAME="xp" TYPE="int" LENGTH="20" NOTNULL="true" SEQUENCE="false"/>
        <FIELD NAME="lvl" TYPE="int" LENGTH="10" NOTNULL="false" DEFAULT="1" SEQUENCE="false"/>
      </FIELDS>
      <KEYS>
        <KEY NAME="primary" TYPE="primary" FIELDS="id"/>
      </KEYS>
      <INDEXES>
        <INDEX NAME="courseuser" UNIQUE="true" FIELDS="courseid, userid"/>
      </INDEXES>
    </TABLE>
    <TABLE NAME="block_xp_log" COMMENT="Events captured">
      <FIELDS>
        <FIELD NAME="id" TYPE="int" LENGTH="10" NOTNULL="true" SEQUENCE="true"/>
        <FIELD NAME="courseid" TYPE="int" LENGTH="10" NOTNULL="true" SEQUENCE="false"/>
        <FIELD NAME="userid" TYPE="int" LENGTH="10" NOTNULL="true" SEQUENCE="false"/>
        <FIELD NAME="eventname" TYPE="char" LENGTH="255" NOTNULL="true" SEQUENCE="false"/>
        <FIELD NAME="xp" TYPE="int" LENGTH="10" NOTNULL="true" SEQUENCE="false"/>
        <FIELD NAME="time" TYPE="int" LENGTH="10" NOTNULL="true" SEQUENCE="false"/>
      </FIELDS>
      <KEYS>
        <KEY NAME="primary" TYPE="primary" FIELDS="id"/>
      </KEYS>
      <INDEXES>
        <INDEX NAME="courseuser" UNIQUE="false" FIELDS="courseid, userid"/>
        <INDEX NAME="time" UNIQUE="false" FIELDS="time"/>
      </INDEXES>
    </TABLE>
    <TABLE NAME="block_xp_config" COMMENT="Settings">
      <FIELDS>
        <FIELD NAME="id" TYPE="int" LENGTH="10" NOTNULL="true" SEQUENCE="true"/>
        <FIELD NAME="courseid" TYPE="int" LENGTH="10" NOTNULL="true" SEQUENCE="false"/>
        <FIELD NAME="enabled" TYPE="int" LENGTH="1" NOTNULL="true" DEFAULT="0" SEQUENCE="false"/>
        <FIELD NAME="enablelog" TYPE="int" LENGTH="1" NOTNULL="true" SEQUENCE="false"/>
        <FIELD NAME="keeplogs" TYPE="int" LENGTH="10" NOTNULL="true" SEQUENCE="false"/>
        <FIELD NAME="levels" TYPE="int" LENGTH="10" NOTNULL="true" SEQUENCE="false"/>
        <FIELD NAME="lastlogpurge" TYPE="int" LENGTH="10" NOTNULL="true" DEFAULT="0" SEQUENCE="false"/>
        <FIELD NAME="enableladder" TYPE="int" LENGTH="1" NOTNULL="true" DEFAULT="1" SEQUENCE="false" COMMENT="Enable the ladder"/>
        <FIELD NAME="enableinfos" TYPE="int" LENGTH="1" NOTNULL="true" DEFAULT="1" SEQUENCE="false" COMMENT="Enable the infos page"/>
        <FIELD NAME="levelsdata" TYPE="text" NOTNULL="false" SEQUENCE="false" COMMENT="The data related to the levels"/>
        <FIELD NAME="enablelevelupnotif" TYPE="int" LENGTH="1" NOTNULL="true" DEFAULT="1" SEQUENCE="false" COMMENT="Enable the notification when a user levels up."/>
        <FIELD NAME="enablecustomlevelbadges" TYPE="int" LENGTH="1" NOTNULL="true" DEFAULT="0" SEQUENCE="false"/>
        <FIELD NAME="maxactionspertime" TYPE="int" LENGTH="10" NOTNULL="true" DEFAULT="10" SEQUENCE="false"/>
        <FIELD NAME="timeformaxactions" TYPE="int" LENGTH="10" NOTNULL="true" DEFAULT="60" SEQUENCE="false" COMMENT="Time during which more than 'maxactionspertime' actions are allowed"/>
        <FIELD NAME="timebetweensameactions" TYPE="int" LENGTH="10" NOTNULL="true" DEFAULT="180" SEQUENCE="false" COMMENT="Time required between identical actions"/>
      </FIELDS>
      <KEYS>
        <KEY NAME="primary" TYPE="primary" FIELDS="id"/>
      </KEYS>
      <INDEXES>
        <INDEX NAME="courseid" UNIQUE="true" FIELDS="courseid"/>
      </INDEXES>
    </TABLE>
    <TABLE NAME="block_xp_filters" COMMENT="Filters">
      <FIELDS>
        <FIELD NAME="id" TYPE="int" LENGTH="10" NOTNULL="true" SEQUENCE="true"/>
        <FIELD NAME="courseid" TYPE="int" LENGTH="10" NOTNULL="true" SEQUENCE="false"/>
        <FIELD NAME="ruledata" TYPE="text" NOTNULL="true" SEQUENCE="false"/>
        <FIELD NAME="points" TYPE="int" LENGTH="10" NOTNULL="true" DEFAULT="0" SEQUENCE="false"/>
        <FIELD NAME="sortorder" TYPE="int" LENGTH="10" NOTNULL="true" DEFAULT="0" SEQUENCE="false"/>
      </FIELDS>
      <KEYS>
        <KEY NAME="primary" TYPE="primary" FIELDS="id"/>
      </KEYS>
      <INDEXES>
        <INDEX NAME="courseid" UNIQUE="false" FIELDS="courseid"/>
      </INDEXES>
    </TABLE>
  </TABLES>
</XMLDB>