<?xml version="1.0" encoding="UTF-8" ?>
<XMLDB PATH="mod/realtimequiz/db" VERSION="20120924" COMMENT="XMLDB file for Moodle mod/realtimequiz"
    xmlns:xsi="http://www.w3.org/2001/XMLSchema-instance"
    xsi:noNamespaceSchemaLocation="../../../lib/xmldb/xmldb.xsd"
>
  <TABLES>
    <TABLE NAME="realtimequiz" COMMENT="Defines realtime quizzes" NEXT="realtimequiz_question">
      <FIELDS>
        <FIELD NAME="id" TYPE="int" LENGTH="10" NOTNULL="true" SEQUENCE="true" COMMENT="id of the table, please edit me" NEXT="course"/>
        <FIELD NAME="course" TYPE="int" LENGTH="10" NOTNULL="true" DEFAULT="0" SEQUENCE="false" PREVIOUS="id" NEXT="name"/>
        <FIELD NAME="name" TYPE="char" LENGTH="255" NOTNULL="true" SEQUENCE="false" PREVIOUS="course" NEXT="intro"/>
        <FIELD NAME="intro" TYPE="text" NOTNULL="false" SEQUENCE="false" PREVIOUS="name" NEXT="introformat"/>
        <FIELD NAME="introformat" TYPE="int" LENGTH="4" NOTNULL="true" DEFAULT="0" SEQUENCE="false" PREVIOUS="intro" NEXT="timecreated"/>
        <FIELD NAME="timecreated" TYPE="int" LENGTH="10" NOTNULL="true" DEFAULT="0" SEQUENCE="false" PREVIOUS="introformat" NEXT="timemodified"/>
        <FIELD NAME="timemodified" TYPE="int" LENGTH="10" NOTNULL="true" DEFAULT="0" SEQUENCE="false" PREVIOUS="timecreated" NEXT="status"/>
        <FIELD NAME="status" TYPE="int" LENGTH="3" NOTNULL="true" DEFAULT="0" SEQUENCE="false" PREVIOUS="timemodified" NEXT="currentquestion"/>
        <FIELD NAME="currentquestion" TYPE="int" LENGTH="10" NOTNULL="true" DEFAULT="0" SEQUENCE="false" PREVIOUS="status" NEXT="nextendtime"/>
        <FIELD NAME="nextendtime" TYPE="int" LENGTH="10" NOTNULL="true" DEFAULT="0" SEQUENCE="false" PREVIOUS="currentquestion" NEXT="currentsessionid"/>
        <FIELD NAME="currentsessionid" TYPE="int" LENGTH="10" NOTNULL="true" DEFAULT="0" SEQUENCE="false" PREVIOUS="nextendtime" NEXT="questiontime"/>
        <FIELD NAME="questiontime" TYPE="int" LENGTH="3" NOTNULL="true" DEFAULT="30" SEQUENCE="false" COMMENT="How long do they get for each question?" PREVIOUS="currentsessionid" NEXT="classresult"/>
        <FIELD NAME="classresult" TYPE="int" LENGTH="3" NOTNULL="true" DEFAULT="0" SEQUENCE="false" COMMENT="Cumulative result for the class (total - divide by current question number)" PREVIOUS="questiontime" NEXT="questionresult"/>
        <FIELD NAME="questionresult" TYPE="int" LENGTH="3" NOTNULL="true" DEFAULT="0" SEQUENCE="false" COMMENT="% of correct responses to current question" PREVIOUS="classresult"/>
      </FIELDS>
      <KEYS>
        <KEY NAME="primary" TYPE="primary" FIELDS="id" COMMENT="Primary key for realtimequiz"/>
      </KEYS>
    </TABLE>
    <TABLE NAME="realtimequiz_question" COMMENT="Defines questions for the realtime quizzes" PREVIOUS="realtimequiz" NEXT="realtimequiz_answer">
      <FIELDS>
        <FIELD NAME="id" TYPE="int" LENGTH="10" NOTNULL="true" SEQUENCE="true" COMMENT="id of the table, please edit me" NEXT="quizid"/>
        <FIELD NAME="quizid" TYPE="int" LENGTH="10" NOTNULL="true" DEFAULT="0" SEQUENCE="false" COMMENT="The Realtime Quiz this question is for" PREVIOUS="id" NEXT="questionnum"/>
        <FIELD NAME="questionnum" TYPE="int" LENGTH="3" NOTNULL="true" DEFAULT="0" SEQUENCE="false" COMMENT="Which number question is this?" PREVIOUS="quizid" NEXT="questiontext"/>
        <FIELD NAME="questiontext" TYPE="text" NOTNULL="true" SEQUENCE="false" COMMENT="The actual question" PREVIOUS="questionnum" NEXT="questiontextformat"/>
        <FIELD NAME="questiontextformat" TYPE="int" LENGTH="2" NOTNULL="false" DEFAULT="1" SEQUENCE="false" PREVIOUS="questiontext" NEXT="questiontime"/>
        <FIELD NAME="questiontime" TYPE="int" LENGTH="5" NOTNULL="true" SEQUENCE="false" COMMENT="The actual question" PREVIOUS="questiontextformat" NEXT="image"/>
        <FIELD NAME="image" TYPE="text" NOTNULL="false" SEQUENCE="false" COMMENT="Optional image to go with the question" PREVIOUS="questiontime"/>
      </FIELDS>
      <KEYS>
        <KEY NAME="primary" TYPE="primary" FIELDS="id" COMMENT="primary key of the table, please edit me"/>
      </KEYS>
      <INDEXES>
        <INDEX NAME="quizid_questionnum" UNIQUE="false" FIELDS="quizid, questionnum" COMMENT="Default comment for the index, please edit me"/>
      </INDEXES>
    </TABLE>
    <TABLE NAME="realtimequiz_answer" COMMENT="The available answers for each question in the realtime quiz" PREVIOUS="realtimequiz_question" NEXT="realtimequiz_submitted">
      <FIELDS>
        <FIELD NAME="id" TYPE="int" LENGTH="10" NOTNULL="true" SEQUENCE="true" COMMENT="id of the table, please edit me" NEXT="questionid"/>
        <FIELD NAME="questionid" TYPE="int" LENGTH="10" NOTNULL="true" DEFAULT="0" SEQUENCE="false" COMMENT="Which question is this an answer for?" PREVIOUS="id" NEXT="answertext"/>
        <FIELD NAME="answertext" TYPE="text" NOTNULL="true" SEQUENCE="false" COMMENT="The actual text for the answer" PREVIOUS="questionid" NEXT="correct"/>
        <FIELD NAME="correct" TYPE="int" LENGTH="2" NOTNULL="true" DEFAULT="0" SEQUENCE="false" COMMENT="Is this the correct answer?" PREVIOUS="answertext"/>
      </FIELDS>
      <KEYS>
        <KEY NAME="primary" TYPE="primary" FIELDS="id" COMMENT="primary key of the table, please edit me"/>
      </KEYS>
      <INDEXES>
        <INDEX NAME="questionid" UNIQUE="false" FIELDS="questionid" COMMENT="Default comment for the index, please edit me"/>
      </INDEXES>
    </TABLE>
    <TABLE NAME="realtimequiz_submitted" COMMENT="The answers that have been submitted by students" PREVIOUS="realtimequiz_answer" NEXT="realtimequiz_session">
      <FIELDS>
        <FIELD NAME="id" TYPE="int" LENGTH="10" NOTNULL="true" SEQUENCE="true" COMMENT="id of the table, please edit me" NEXT="questionid"/>
        <FIELD NAME="questionid" TYPE="int" LENGTH="10" NOTNULL="true" DEFAULT="0" SEQUENCE="false" COMMENT="The question that they were answering" PREVIOUS="id" NEXT="sessionid"/>
        <FIELD NAME="sessionid" TYPE="int" LENGTH="10" NOTNULL="false" DEFAULT="0" SEQUENCE="false" COMMENT="Used to allow the quiz to run multiple times and record the answers each student gives with different ids" PREVIOUS="questionid" NEXT="userid"/>
        <FIELD NAME="userid" TYPE="int" LENGTH="10" NOTNULL="true" DEFAULT="0" SEQUENCE="false" COMMENT="The student who has submitted this answer" PREVIOUS="sessionid" NEXT="answerid"/>
        <FIELD NAME="answerid" TYPE="int" LENGTH="10" NOTNULL="true" DEFAULT="0" SEQUENCE="false" COMMENT="Which answer did they give" PREVIOUS="userid"/>
      </FIELDS>
      <KEYS>
        <KEY NAME="primary" TYPE="primary" FIELDS="id" COMMENT="primary key of the table, please edit me"/>
      </KEYS>
      <INDEXES>
        <INDEX NAME="answerid_sessionid_questionid" UNIQUE="false" FIELDS="answerid, sessionid, questionid" COMMENT="Default comment for the index, please edit me" NEXT="userid"/>
        <INDEX NAME="userid" UNIQUE="false" FIELDS="userid" COMMENT="Default comment for the index, please edit me" PREVIOUS="answerid_sessionid_questionid"/>
      </INDEXES>
    </TABLE>
    <TABLE NAME="realtimequiz_session" COMMENT="Details about each quiz session" PREVIOUS="realtimequiz_submitted">
      <FIELDS>
        <FIELD NAME="id" TYPE="int" LENGTH="10" NOTNULL="true" SEQUENCE="true" COMMENT="id of the table, please edit me" NEXT="name"/>
        <FIELD NAME="name" TYPE="char" LENGTH="255" NOTNULL="true" SEQUENCE="false" COMMENT="Default comment for the field, please edit me" PREVIOUS="id" NEXT="quizid"/>
        <FIELD NAME="quizid" TYPE="int" LENGTH="10" NOTNULL="true" DEFAULT="0" SEQUENCE="false" COMMENT="Default comment for the field, please edit me" PREVIOUS="name" NEXT="timestamp"/>
        <FIELD NAME="timestamp" TYPE="int" LENGTH="10" NOTNULL="false" DEFAULT="0" SEQUENCE="false" COMMENT="Default comment for the field, please edit me" PREVIOUS="quizid"/>
      </FIELDS>
      <KEYS>
        <KEY NAME="primary" TYPE="primary" FIELDS="id" COMMENT="primary key of the table, please edit me"/>
      </KEYS>
      <INDEXES>
        <INDEX NAME="quizid" UNIQUE="false" FIELDS="quizid" COMMENT="Default comment for the index, please edit me"/>
      </INDEXES>
    </TABLE>
  </TABLES>
</XMLDB>