<?xml version="1.0" encoding="UTF-8" ?>
<XMLDB PATH="blocks/objectives/db" VERSION="20110312" COMMENT="XMLDB file for Moodle blocks/objectives"
    xmlns:xsi="http://www.w3.org/2001/XMLSchema-instance"
    xsi:noNamespaceSchemaLocation="../../../lib/xmldb/xmldb.xsd"
>
  <TABLES>
    <TABLE NAME="block_objectives" COMMENT="Basic settings for an objectives block" NEXT="block_objectives_timetable">
      <FIELDS>
        <FIELD NAME="id" TYPE="int" LENGTH="10" NOTNULL="true" UNSIGNED="true" SEQUENCE="true" NEXT="course"/>
        <FIELD NAME="course" TYPE="int" LENGTH="10" NOTNULL="true" UNSIGNED="true" DEFAULT="0" SEQUENCE="false" COMMENT="The course that this objectives block is on" PREVIOUS="id" NEXT="intro"/>
        <FIELD NAME="intro" TYPE="text" LENGTH="medium" NOTNULL="true" SEQUENCE="false" COMMENT="The text to display at the top of the block" PREVIOUS="course"/>
      </FIELDS>
      <KEYS>
        <KEY NAME="primary" TYPE="primary" FIELDS="id" NEXT="course"/>
        <KEY NAME="course" TYPE="foreign" FIELDS="course" REFTABLE="course" REFFIELDS="id" PREVIOUS="primary"/>
      </KEYS>
    </TABLE>
    <TABLE NAME="block_objectives_timetable" COMMENT="Stores the timetable information for the objectives block" PREVIOUS="block_objectives" NEXT="block_objectives_objectives">
      <FIELDS>
        <FIELD NAME="id" TYPE="int" LENGTH="10" NOTNULL="true" UNSIGNED="true" SEQUENCE="true" NEXT="objectivesid"/>
        <FIELD NAME="objectivesid" TYPE="int" LENGTH="10" NOTNULL="true" UNSIGNED="true" DEFAULT="0" SEQUENCE="false" COMMENT="Id of the objectives block this timetable entry is for" PREVIOUS="id" NEXT="groupid"/>
        <FIELD NAME="groupid" TYPE="int" LENGTH="10" NOTNULL="true" UNSIGNED="true" DEFAULT="0" SEQUENCE="false" COMMENT="Id of the course group this timetable entry is for (0 for everyone)" PREVIOUS="objectivesid" NEXT="day"/>
        <FIELD NAME="day" TYPE="int" LENGTH="4" NOTNULL="true" UNSIGNED="true" DEFAULT="0" SEQUENCE="false" COMMENT="Day of the week that this lesson is on (0=Mon, 6=Sun)" PREVIOUS="groupid" NEXT="starttime"/>
        <FIELD NAME="starttime" TYPE="int" LENGTH="10" NOTNULL="true" UNSIGNED="true" DEFAULT="0" SEQUENCE="false" COMMENT="Time (in seconds) from start of day that lesson begins" PREVIOUS="day" NEXT="endtime"/>
        <FIELD NAME="endtime" TYPE="int" LENGTH="10" NOTNULL="true" UNSIGNED="true" DEFAULT="0" SEQUENCE="false" COMMENT="Time (in seconds) from the start of the day that the lesson ends" PREVIOUS="starttime"/>
      </FIELDS>
      <KEYS>
        <KEY NAME="primary" TYPE="primary" FIELDS="id"/>
      </KEYS>
    </TABLE>
    <TABLE NAME="block_objectives_objectives" COMMENT="A list of the lesson objectives for a particular lesson" PREVIOUS="block_objectives_timetable">
      <FIELDS>
        <FIELD NAME="id" TYPE="int" LENGTH="10" NOTNULL="true" UNSIGNED="true" SEQUENCE="true" NEXT="timetableid"/>
        <FIELD NAME="timetableid" TYPE="int" LENGTH="10" NOTNULL="true" UNSIGNED="true" DEFAULT="0" SEQUENCE="false" COMMENT="The id of the timetable entry that these objectives relate to" PREVIOUS="id" NEXT="weekstart"/>
        <FIELD NAME="weekstart" TYPE="char" LENGTH="8" NOTNULL="false" SEQUENCE="false" COMMENT="Week start date (stored as YYYYMMDD)" PREVIOUS="timetableid" NEXT="objectives"/>
        <FIELD NAME="objectives" TYPE="text" LENGTH="medium" NOTNULL="true" SEQUENCE="false" COMMENT="List of lesson objectives, on separate lines, prepended with + for complete, - for incomplete" PREVIOUS="weekstart"/>
      </FIELDS>
      <KEYS>
        <KEY NAME="primary" TYPE="primary" FIELDS="id" NEXT="timetableid"/>
        <KEY NAME="timetableid" TYPE="foreign" FIELDS="timetableid" REFTABLE="block_objectives_timetable" REFFIELDS="id" PREVIOUS="primary"/>
      </KEYS>
      <INDEXES>
        <INDEX NAME="weekstart" UNIQUE="false" FIELDS="timetableid, weekstart"/>
      </INDEXES>
    </TABLE>
  </TABLES>
</XMLDB>
